'Gabes Mountain',6.6,293.12
35.7544612022,-83.2102369728,700.470214844
35.7543702022,-83.2102227728,701.195068359
35.7542808032,-83.2102430728,702.442626953
35.7542184021,-83.2103025728,703.77722168
35.7541726021,-83.2103766728,705.114440918
35.7541238021,-83.2104487728,706.256835938
35.7540644031,-83.2105088728,707.213439941
35.7540027021,-83.2105666728,708.252441406
35.7539492021,-83.2106319729,709.160217285
35.7539083021,-83.2107065729,709.668029785
35.7538742021,-83.2107846729,709.571472168
35.753841202,-83.2108739729,709.149780273
35.753814702,-83.210965473,709.682189941
35.753797102,-83.211059073,710.203125
35.753792302,-83.211136273,710.685668945
35.753793201,-83.211213773,710.492370605
35.753792803,-83.211291173,710.384033203
35.753786002,-83.2113684731,710.241210938
35.753776102,-83.2114453731,709.92364502
35.753768402,-83.2115225731,710.514404297
35.753769102,-83.2116000731,711.059448242
35.753789303,-83.2116914732,713.149230957
35.753823201,-83.2117788732,715.052429199
35.753857602,-83.2118660732,716.173400879
35.753879703,-83.2119570732,716.898864746
35.753882502,-83.2120271733,717.373535156
35.753881003,-83.2120972733,717.86932373
35.753884901,-83.2121672733,718.271789551
35.753902703,-83.2122515733,718.310852051
35.753926902,-83.2123343734,718.17590332
35.753941801,-83.2123853734,717.971069336
35.753961102,-83.2124347734,717.630737305
35.754011403,-83.2124938734,716.78704834
35.754067101,-83.2125483734,715.717590332
35.754118902,-83.2126332735,714.710083008
35.754172201,-83.2127171735,714.296936035
35.7542487021,-83.2127788735,714.116271973
35.7543231021,-83.2128429735,714.683410645
35.7543591031,-83.2129156736,715.533874512
35.7543844011,-83.2129930736,716.153930664
35.7544182031,-83.2130668736,716.301086426
35.7544614011,-83.2131196736,716.092163086
35.7545107021,-83.2131670736,715.985046387
35.7545597021,-83.2132145737,715.585632324
35.7546105021,-83.2132735737,714.69519043
35.7546658021,-83.2133280737,713.741516113
35.7547242021,-83.2133566737,713.095153809
35.7547819031,-83.2133865737,711.825561523
35.7548306021,-83.2134484737,710.766540527
35.7548787032,-83.2135108738,711.615722656
35.7549417032,-83.2135535738,712.138305664
35.7550127012,-83.2135809738,711.076843262
35.7550076012,-83.2136653738,710.989501953
35.7549826032,-83.2137459738,710.877319336
35.7549532032,-83.2137913739,710.31262207
35.7549179021,-83.2138326739,709.967102051
35.7548645021,-83.2138783739,710.145507812
35.7548169021,-83.2139294739,710.211669922
35.7548017031,-83.2140007739,709.738769531
35.7547873031,-83.2140723739,709.389038086
35.7547386021,-83.2141278739,710.051025391
35.7546861011,-83.2141801739,711.264709473
35.7546602011,-83.214235974,711.980163574
35.7546300021,-83.214289174,712.61920166
35.7545539021,-83.214300174,713.513916016
35.754476502,-83.214307074,714.637756348
35.754430401,-83.214357474,716.6171875
35.754393303,-83.214415274,718.299377441
35.754342702,-83.214500274,719.333435059
35.754299902,-83.214589474,720.059326172
35.754263802,-83.2146815741,720.481750488
35.754233402,-83.2147757741,721.016174316
35.754216903,-83.2148527741,721.266479492
35.754204103,-83.2149305741,721.368164062
35.7541841019,-83.2150066742,721.318237305
35.7541481019,-83.2150779742,721.07409668
35.7541043019,-83.2151448742,720.844116211
35.7540631019,-83.2152134742,720.037109375
35.7540174019,-83.2152920742,720.175476074
35.7539879019,-83.2153772743,721.283508301
35.7540201009,-83.2154672743,722.578857422
35.7540567019,-83.2155560743,724.718139648
35.7540480019,-83.2156226743,726.016235352
35.7540288019,-83.2156874744,726.928405762
35.7540260019,-83.2157542744,727.823913574
35.7540517009,-83.2157994744,728.065673828
35.7540785029,-83.2158441744,727.99798584
35.7540867019,-83.2159161744,727.916809082
35.7540938029,-83.2159883744,727.618713379
35.7541373029,-83.2160780745,727.076171875
35.7541560019,-83.2161658745,726.573303223
35.7541610009,-83.2162556745,726.127746582
35.7541592019,-83.2163276745,725.853027344
35.7541494019,-83.2163990746,725.740356445
35.7541122019,-83.2164728746,725.762817383
35.7540626009,-83.2165397746,725.42578125
35.7540372019,-83.2166171746,724.008728027
35.7540687009,-83.2166858746,722.913574219
35.7541068019,-83.2167517747,722.803344727
35.7541324019,-83.2168298747,723.47644043
35.7541489009,-83.2168967747,723.854675293
35.7541660019,-83.2169635747,723.875
35.7542022029,-83.2170468748,724.005981445
35.7542350019,-83.2171313748,724.482788086
35.7542416019,-83.2172090748,724.517028809
35.7542502009,-83.2172865748,724.361572266
35.7542997009,-83.2173646749,724.149047852
35.7543465019,-83.2174440749,723.574584961
35.7543493019,-83.2174940749,723.829650879
35.7543536019,-83.2175437749,724.096801758
35.7544214029,-83.2176126749,723.776306152
35.7545140019,-83.217647775,722.303405762
35.7545826019,-83.217650175,720.814758301
35.7546489019,-83.217662575,719.387756348
35.7547017029,-83.217730375,718.176086426
35.7547086019,-83.217797275,717.965393066
35.7547173019,-83.217863475,717.853637695
35.754773502,-83.217885775,716.544372559
35.754833802,-83.2178999751,715.67388916
35.754890301,-83.2179532751,714.715698242
35.754939902,-83.2180134751,713.963623047
35.754976702,-83.2180518751,713.695129395
35.755010501,-83.2180928751,713.771850586
35.755036802,-83.2181377751,714.265991211
35.755118002,-83.2181289751,714.626342773
35.755168303,-83.2180916751,714.285522461
35.755218602,-83.2180543751,713.242553711
35.7552999021,-83.2180455751,712.774414062
35.7553437031,-83.2181131751,713.203186035
35.7553488031,-83.2181738752,713.351074219
35.7553505011,-83.2182349752,713.093383789
35.7553761011,-83.2183130752,713.124572754
35.7554385021,-83.2183479752,711.674682617
35.7554641021,-83.2184261752,712.472351074
35.7554584021,-83.2184868753,713.353759766
35.7554529021,-83.2185474753,714.153503418
35.7554660021,-83.2186018753,714.175048828
35.7554961021,-83.2186481753,713.749694824
35.7555319021,-83.2186602753,714.531860352
35.7555768011,-83.2186725753,715.787475586
35.7556321021,-83.2186308753,715.323425293
35.7556777031,-83.2185757753,716.616027832
35.7557336031,-83.2185279753,717.979370117
35.7557965021,-83.2184906753,718.63104248
35.7558502022,-83.2184796753,718.675537109
35.7559048022,-83.2184825753,718.424743652
35.7559619012,-83.2185049753,718.593078613
35.7560119022,-83.2185408753,719.166687012
35.7560517012,-83.2185824753,719.82434082
35.7560823032,-83.2186312753,720.698120117
35.7561040032,-83.2187020754,721.97253418
35.7561067022,-83.2187758754,723.037536621
35.7560931022,-83.2188270754,723.641845703
35.7560688022,-83.2188742754,724.332458496
35.7559955022,-83.2189385754,724.933532715
35.7559400022,-83.2190143754,725.66204834
35.7559259021,-83.2191019755,726.902038574
35.7559187011,-83.2191907755,728.408508301
35.7558910021,-83.2192634755,729.609069824
35.7558518021,-83.2193307755,730.781738281
35.7558089021,-83.2193958755,731.536132812
35.7557695011,-83.2194630756,732.595031738
35.7557259021,-83.2195496756,733.85949707
35.7556851011,-83.2196376756,734.561645508
35.7556414021,-83.2197219756,735.622436523
35.7556188021,-83.2198127757,736.649230957
35.7556532021,-83.2199021757,737.987854004
35.7556527021,-83.2199522757,738.660644531
35.7556424021,-83.2200013757,739.506591797
35.755604402,-83.2200633757,739.827331543
35.755559002,-83.2201207757,740.184814453
35.755514703,-83.2201929758,741.163452148
35.755475801,-83.2202681758,742.026794434
35.755455603,-83.2203500758,743.096130371
35.755457002,-83.2204174758,743.599914551
35.755471203,-83.2204832758,744.047424316
35.755526802,-83.2205470759,744.761657715
35.755586102,-83.2206080759,745.854919434
35.755612901,-83.2206789759,746.784851074
35.755628503,-83.2207531759,747.83380127
35.755635901,-83.220841776,748.95904541
35.755633702,-83.220908176,749.756103516
35.755633402,-83.220974476,750.466796875
35.755660103,-83.221063376,751.731506348
35.755684202,-83.2211527761,752.711364746
35.755666702,-83.2212350761,753.68737793
35.755654101,-83.2213178761,754.817260742
35.755683103,-83.2213746761,755.548461914
35.755715103,-83.2214300761,755.928955078
35.755728002,-83.2215236762,756.903320312
35.755729702,-83.2216184762,757.967895508
35.755734603,-83.2217096762,759.025268555
35.755738202,-83.2218010763,759.997497559
35.755740303,-83.2218923763,760.481445312
35.755741001,-83.2219837763,761.166320801
35.755742102,-83.2220538763,761.262817383
35.755742301,-83.2221239763,760.963134766
35.755737002,-83.2221937764,760.303466797
35.755716101,-83.2222879764,758.995849609
35.755688502,-83.2223804764,757.947814941
35.755650702,-83.2224658764,758.236877441
35.755631101,-83.2225557765,757.523010254
35.755656903,-83.2226228765,756.769226074
35.755683002,-83.2226788765,757.840820312
35.755667102,-83.2227452765,759.002929688
35.7556445009,-83.2228104765,760.616821289
35.7556525009,-83.2228832766,762.050048828
35.7556802019,-83.2229512766,762.898071289
35.755721902,-83.2230116766,763.51385498
35.755733303,-83.2230691766,764.126098633
35.755755902,-83.2231232766,764.730224609
35.755799902,-83.2231797767,765.476989746
35.755862103,-83.2232256767,766.026367188
35.755816302,-83.2232938767,767.092468262
35.7557786019,-83.2233668767,767.902099609
35.7557499029,-83.2234437767,768.912475586
35.7557331019,-83.2235347768,770.383728027
35.7557269029,-83.2236271768,771.690917969
35.7557178019,-83.2237193768,772.965698242
35.7556987019,-83.2238111768,774.052978516
35.7556767029,-83.2239022769,775.202697754
35.7556586009,-83.2239941769,776.22454834
35.7556506009,-83.2240786769,777.162536621
35.7556458009,-83.2241635769,778.211547852
35.7556359009,-83.224247877,779.606689453
35.7556108019,-83.224335877,781.123168945
35.7555797019,-83.224422077,782.480773926
35.7555589009,-83.224511177,783.698486328
35.7555584019,-83.2245830771,784.644897461
35.7555563009,-83.2246548771,785.654785156
35.7555416008,-83.2247096771,786.399719238
35.7555272008,-83.2247645771,787.153747559
35.7555259028,-83.2248253771,787.87310791
35.7555249028,-83.2248861771,788.847961426
35.7555036008,-83.2249762772,790.31072998
35.7554676018,-83.2250615772,791.858886719
35.7554325018,-83.2251088772,792.629272461
35.7554027018,-83.2251592772,793.459594727
35.7554009028,-83.2252587772,795.137268066
35.7554123018,-83.2253313773,796.072875977
35.7554333008,-83.2254018773,796.382995605
35.7554600018,-83.2254704773,797.045593262
35.7555023008,-83.2255427773,797.945373535
35.7555520018,-83.2256103774,798.828613281
35.7555913018,-83.2256842774,799.681274414
35.7556083028,-83.2257400774,800.537353516
35.7555626028,-83.2257719774,801.024963379
35.7554945018,-83.2257916774,801.880004883
35.7554267018,-83.2258123774,802.739746094
35.7553733018,-83.2258737774,803.383422852
35.7553163008,-83.2259309774,804.048828125
35.7552534017,-83.2259240774,804.51776123
35.7551904007,-83.2259163774,805.194824219
35.7551346017,-83.2259461774,806.080627441
35.7550898017,-83.2259909774,807.195373535
35.7550609027,-83.2260374775,808.046508789
35.7550430027,-83.2260891775,808.937438965
35.7550580027,-83.2261737775,809.718688965
35.7550849007,-83.2262562775,810.556030273
35.7550882017,-83.2263345775,811.412963867
35.7551001017,-83.2264114776,811.832702637
35.7551285017,-83.2264578776,812.030334473
35.7551707017,-83.2264908776,813.060058594
35.7552340017,-83.2264815776,814.168884277
35.7552879007,-83.2264694776,814.830688477
35.7553425007,-83.2264624776,815.269348145
35.7554057027,-83.2264788776,815.979980469
35.7554680018,-83.2264991776,816.643066406
35.7555491018,-83.2265012776,817.622070312
35.7556302018,-83.2265036776,819.075500488
35.7556948018,-83.2265220776,820.139282227
35.7557567008,-83.2265480776,820.842834473
35.7558182018,-83.2265752777,821.544555664
35.7558705008,-83.2266021777,822.378356934
35.7559255019,-83.2266224777,822.698486328
35.7560158029,-83.2266139777,824.076660156
35.7560831019,-83.2265773777,825.422363281
35.7561405009,-83.2265258777,826.116516113
35.7561986029,-83.2264752777,827.243225098
35.7562520029,-83.2264342776,828.344238281
35.7563058019,-83.2263936776,829.923706055
35.756363102,-83.2263582776,831.168395996
35.756411302,-83.2263328776,831.519897461
35.756463001,-83.2263167776,831.754943848
35.756543902,-83.2263300776,831.609619141
35.756596503,-83.2264089777,831.015258789
35.756640603,-83.2264745777,830.25982666
35.756683302,-83.2265409777,828.841125488
35.756718903,-83.2266114777,827.059997559
35.756737602,-83.2266611777,826.329833984
35.756753103,-83.2267119778,825.900268555
35.756767002,-83.2267965778,825.416931152
35.756772903,-83.2268821778,825.093383789
35.756784501,-83.2269671778,824.701660156
35.756813002,-83.2270623779,823.784423828
35.756844002,-83.2271567779,822.566711426
35.756872701,-83.2272498779,821.791320801
35.756901101,-83.2273429779,820.896179199
35.756922103,-83.227438078,819.322998047
35.756927202,-83.227535178,819.203979492
35.756920702,-83.227601878,819.465148926
35.756906702,-83.227667278,819.645874023
35.756867002,-83.2277446781,819.90435791
35.756822702,-83.2278197781,819.21673584
35.756792103,-83.2279096781,818.226013184
35.756769602,-83.2280020781,817.913391113
35.756745501,-83.2280940782,818.691833496
35.756712601,-83.2281692782,819.040100098
35.7566780029,-83.2282436782,819.907043457
35.7566692019,-83.2283241782,820.632507324
35.7567038019,-83.2284025782,823.024658203
35.756790602,-83.2284292783,824.343139648
35.756883302,-83.2284408783,824.138549805
35.756933003,-83.2284798783,824.979248047
35.756981001,-83.2285209783,825.663879395
35.757061803,-83.2285611783,825.872070312
35.757141801,-83.2286028783,825.321716309
35.757200901,-83.2286581784,826.041503906
35.757256801,-83.2287166784,827.143249512
35.7573076011,-83.2287616784,828.004333496
35.7573592021,-83.2288058784,828.554260254
35.7574075021,-83.2288535784,828.918518066
35.7574541021,-83.2289081784,829.153015137
35.7574956021,-83.2289666785,829.562316895
35.7575332031,-83.2290568785,830.449707031
35.7575734021,-83.2291457785,831.265136719
35.7576195031,-83.2291896785,831.600036621
35.7576618021,-83.2292366786,831.998474121
35.7576872031,-83.2293258786,832.655822754
35.7576829021,-83.2293976786,832.932861328
35.7576755011,-83.2294692786,833.440368652
35.7576787021,-83.2295256786,834.104248047
35.7576915021,-83.2295803787,835.108154297
35.7577710011,-83.2296174787,835.545532227
35.7578619021,-83.2296293787,835.731567383
35.7579490011,-83.2296599787,836.460144043
35.7580318012,-83.2297004787,837.222106934
35.7580941012,-83.2297463787,836.865966797
35.7581134022,-83.2297957787,837.583251953
35.7581283012,-83.2298468788,838.704162598
35.7581738022,-83.2299217788,839.90234375
35.7582247022,-83.2299933788,840.786254883
35.7582661022,-83.2300679788,841.74395752
35.7583121012,-83.2301395789,842.616394043
35.7583830012,-83.2302078789,843.732849121
35.7584591012,-83.2302171789,844.319030762
35.7585359022,-83.2302232789,844.455627441
35.7585824033,-83.2302548789,845.324462891
35.7586248023,-83.2302920789,845.900634766
35.7586918023,-83.2303514789,846.536621094
35.7587547013,-83.230415279,847.594604492
35.7588105023,-83.230485279,849.451599121
35.7588497023,-83.230552779,850.688598633
35.7588891023,-83.230620179,851.798828125
35.7589332023,-83.2306766791,852.264221191
35.7589319023,-83.2307429791,852.197143555
35.7589051023,-83.2308099791,852.502258301
35.7588607033,-83.2308675791,853.558105469
35.7588203023,-83.2309278791,854.312561035
35.7587890023,-83.2309977791,854.553588867
35.7587636033,-83.2310700792,854.725646973
35.7587383033,-83.2311623792,855.955444336
35.7587331022,-83.2312572792,857.487365723
35.7587604033,-83.2313202792,857.161132812
35.7587939033,-83.2313805792,856.725708008
35.7588288013,-83.2314682793,856.769958496
35.7588537033,-83.2315591793,856.266479492
35.7588548023,-83.2316259793,856.868774414
35.7588494023,-83.2316926793,858.15637207
35.7588590023,-83.2317583794,858.923522949
35.7588982013,-83.2318040794,858.320800781
35.7589384033,-83.2318490794,857.868164062
35.7589603023,-83.2319089794,858.736206055
35.7589722023,-83.2319716794,859.332885742
35.7589715023,-83.2320569795,859.85748291
35.7589565023,-83.2321411795,860.82598877
35.7589405023,-83.2322251795,861.03692627
35.7589244012,-83.2323055795,861.217773438
35.7589072022,-83.2323857796,861.638366699
35.7588998012,-83.2324673796,861.471435547
35.7589136022,-83.2325504796,860.05090332
35.7589238022,-83.2326338796,858.919433594
35.7589129012,-83.2326951796,858.823303223
35.7588945022,-83.2327547797,859.753173828
35.7588525012,-83.2328293797,862.154785156
35.7588195032,-83.2329074797,862.768249512
35.7588375012,-83.2329806797,861.629211426
35.7588619022,-83.2330524797,861.462402344
35.7588709022,-83.2331353798,861.867614746
35.7588679022,-83.2332185798,861.581420898
35.7588499012,-83.2332866798,861.581054688
35.7588217032,-83.2333513798,861.388916016
35.7587921012,-83.2334154798,861.345153809
35.7587562032,-83.2334981799,862.082702637
35.7587169032,-83.2335791799,862.766235352
35.7586678011,-83.2336503799,862.768859863
35.7586144011,-83.2337185799,863.835510254
35.7585777021,-83.2337964799,864.23223877
35.7585712031,-83.23387688,863.511413574
35.7585793021,-83.23395728,864.900878906
35.7585995021,-83.23403548,867.265869141
35.7586350021,-83.23410788,867.5703125
35.7586996021,-83.2341572801,866.151000977
35.7587763021,-83.2341869801,863.565673828
35.7588492032,-83.2342244801,860.845581055
35.7588914032,-83.2342560801,860.083068848
35.7589290022,-83.2342929801,859.646972656
35.7589726032,-83.2343716801,858.771850586
35.7589882032,-83.2344321802,858.039428711
35.7589974022,-83.2344939802,858.190307617
35.7590030012,-83.2345663802,859.654541016
35.7590127022,-83.2346381802,861.345581055
35.7590355032,-83.2346956802,862.293518066
35.7590647012,-83.2347502803,862.848327637
35.7591218032,-83.2348293803,864.803955078
35.7591790032,-83.2349082803,866.532470703
35.7592181012,-83.2349847803,867.407287598
35.7592482022,-83.2350650804,866.890991211
35.7592575022,-83.2351478804,866.913024902
35.7592522032,-83.2352313804,868.035095215
35.7592475012,-83.2353148804,869.332946777
35.7592600022,-83.2353971805,870.595336914
35.7593093022,-83.2354834805,872.824462891
35.7593651012,-83.2355659805,874.242492676
35.7594120032,-83.2356539805,875.632324219
35.7594519022,-83.2357453806,876.824401855
35.7594737032,-83.2358338806,878.267089844
35.7594880022,-83.2359239806,879.194885254
35.7595100022,-83.2360123807,878.899841309
35.7595296032,-83.2360636807,878.301696777
35.7595532022,-83.2361131807,878.160949707
35.7596086012,-83.2361767807,878.206787109
35.7596765022,-83.2362275807,877.700317383
35.7597393013,-83.2362842807,877.938354492
35.7597810023,-83.2363380808,878.162353516
35.7598190023,-83.2363945808,878.294372559
35.7598534013,-83.2364532808,877.920654297
35.7598822013,-83.2365370808,878.487915039
35.7599316023,-83.2366103809,878.535705566
35.7600100013,-83.2366345809,877.514709473
35.7600943033,-83.2366291809,876.822509766
35.7601742033,-83.2366502809,876.945739746
35.7602360023,-83.2367183809,876.147705078
35.7602421023,-83.2367736809,875.709899902
35.7602340033,-83.2368289809,875.29296875
35.7601963013,-83.236916381,873.588378906
35.7601416033,-83.236978781,874.248657227
35.7600947013,-83.237046181,875.693481445
35.7600937033,-83.237101481,874.742980957
35.7600927033,-83.237156781,873.269897461
35.7600426013,-83.237225381,872.387756348
35.7599821033,-83.2372863811,873.12512207
35.7599416013,-83.2373636811,873.269348145
35.7599098022,-83.2374451811,872.444213867
35.7598785022,-83.2375267811,870.479736328
35.7598463032,-83.2375945811,869.484008789
35.7598144012,-83.2376625812,868.898681641
35.7597935022,-83.2377344812,868.56463623
35.7597920032,-83.2378285812,867.804016113
35.7597990032,-83.2379226812,866.20892334
35.7597994012,-83.2380003813,865.669067383
35.7598051032,-83.2380776813,864.539428711
35.7598220032,-83.2381460813,863.931030273
35.7598477012,-83.2382115813,864.480712891
35.7599043022,-83.2382854813,865.421386719
35.7599621012,-83.2383585814,866.167236328
35.7599925022,-83.2384531814,867.769104004
35.7600217022,-83.2385482814,869.697998047
35.7600491022,-83.2385925814,869.778137207
35.7600741022,-83.2386381815,869.703552246
35.7600794022,-83.2387079815,871.146911621
35.7600701012,-83.2387778815,872.896606445
35.7600702022,-83.2388481815,873.924072266
35.7600857032,-83.2389117815,874.055908203
35.7601130022,-83.2389710816,874.236450195
35.7601570012,-83.2390122816,875.082885742
35.7602108022,-83.2390401816,875.779846191
35.7602705013,-83.2390426816,874.783447266
35.7603278023,-83.2390544816,874.591918945
35.7603628013,-83.2391107816,876.715881348
35.7602821023,-83.2390863816,877.056884766
35.7602155012,-83.2390850816,878.436035156
35.7601490012,-83.2390921816,880.249145508
35.7600839022,-83.2390807816,882.010253906
35.7600232022,-83.2390104816,882.529846191
35.7599822012,-83.2389256815,882.5625
35.7599351022,-83.2388443815,883.016967773
35.7598988012,-83.2387957815,883.775390625
35.7598556032,-83.2387536815,884.818847656
35.7597930012,-83.2387297815,885.235839844
35.7597197022,-83.2387940815,888.132263184
35.7596361011,-83.2388269815,889.26385498
35.7595474021,-83.2388445815,889.809753418
35.7594727031,-83.2388542815,890.688293457
35.7593973031,-83.2388567815,891.448791504
35.7593221021,-83.2388620815,892.855407715
35.7592492021,-83.2388804815,894.769592285
35.759185602,-83.2389043815,896.267150879
35.759130902,-83.2389434815,896.674438477
35.759093403,-83.2390198815,896.753112793
35.759081301,-83.2390688815,896.986328125
35.759073502,-83.2391188815,897.209411621
35.759065001,-83.2391737816,897.587036133
35.759062403,-83.2392291816,898.207763672
35.759072802,-83.2392922816,899.04486084
35.759096202,-83.2393516816,899.819458008
35.759158102,-83.2394197816,901.934020996
35.759198301,-83.2394969817,903.561767578
35.759222302,-83.2395807817,904.441711426
35.759235802,-83.2396669817,904.595153809
35.759242003,-83.2397539817,905.102111816
35.759246201,-83.2398040818,905.542907715
35.759240103,-83.2398533818,906.158996582
35.759194202,-83.2398963818,907.674499512
35.759114002,-83.2398498818,910.139526367
35.759056802,-83.2397725817,911.83807373
35.759016502,-83.2396843817,911.529418945
35.758965402,-83.2396023817,911.634887695
35.758888203,-83.2395468817,912.667175293
35.7588143019,-83.2394875816,912.375183105
35.7587811019,-83.2394186816,912.985717773
35.7587588029,-83.2393451816,913.907836914
35.7587281029,-83.2392750816,914.187866211
35.7586616029,-83.2392020815,914.601745605
35.7585810019,-83.2391444815,915.554077148
35.7584971009,-83.2390916815,916.25177002
35.7584396009,-83.2390560815,916.779785156
35.7583812019,-83.2390220815,917.87713623
35.7583105009,-83.2389802815,918.544311523
35.7582385028,-83.2389405814,919.128417969
35.7581619008,-83.2389110814,920.363342285
35.7580826008,-83.2388894814,922.443969727
35.7580046008,-83.2388634814,924.149414062
35.7579343008,-83.2388214814,925.36706543
35.7578866028,-83.2387693814,925.029602051
35.7578370018,-83.2387192813,924.969726562
35.7577796028,-83.2386937813,925.754577637
35.7577207017,-83.2386717813,926.851806641
35.7576397007,-83.2386278813,929.613037109
35.7575629027,-83.2385772813,931.128967285
35.7574972017,-83.2385131813,931.829223633
35.7574548017,-83.2384319812,931.133850098
35.7574384017,-83.2383429812,929.670043945
35.7574441007,-83.2382587812,930.014709473
35.7574685017,-83.2381779812,930.612365723
35.7575265027,-83.2381142812,931.167236328
35.7576035027,-83.2380731811,931.178283691
35.7576786028,-83.2380290811,931.527709961
35.7577436018,-83.2379797811,931.589904785
35.7578068008,-83.2379283811,931.607666016
35.7578619018,-83.2378683811,931.832458496
35.7579036028,-83.2378184811,931.709777832
35.7579270008,-83.2377596811,932.73651123
35.7579010028,-83.2377035811,935.50970459
35.7578281018,-83.2377457811,937.39654541
35.7577691008,-83.2377947811,938.079101562
35.7577145018,-83.2378486811,938.307128906
35.7576540028,-83.2378956811,938.378295898
35.7575708017,-83.2379336811,938.882568359
35.7574824027,-83.2379571811,939.372497559
35.7573913027,-83.2379656811,940.630004883
35.7573056027,-83.2379549811,944.288146973
35.7572206027,-83.2379387811,947.271850586
35.7571438017,-83.2379335811,948.303955078
35.7570676006,-83.2379234811,948.526306152
35.7569836006,-83.2378840811,950.507080078
35.7569069006,-83.237831181,952.81854248
35.7568268016,-83.237783981,955.324157715
35.7567443016,-83.237745981,956.379638672
35.7566567016,-83.237723981,956.316223145
35.7566018016,-83.237729581,955.956115723
35.7565481015,-83.237742981,956.515808105
35.7564869025,-83.237769681,957.795959473
35.7564286015,-83.237802581,958.425598145
35.7563663015,-83.237826381,958.823120117
35.7562807025,-83.237823681,960.09576416
35.7561951025,-83.237821581,961.23651123
35.7561044004,-83.237852281,962.359130859
35.7560334024,-83.237917081,963.068603516
35.7559757014,-83.237995081,963.33215332
35.7559023014,-83.238056681,964.218933105
35.7558118014,-83.238076281,965.536132812
35.7557497004,-83.238048181,966.351318359
35.7556982004,-83.238001981,966.428222656
35.7556427013,-83.237960981,966.888427734
35.7555764023,-83.237934581,967.612976074
35.7555084003,-83.237912981,967.097900391
35.7554284023,-83.237889581,966.981506348
35.7553475013,-83.237869281,967.336364746
35.7552661023,-83.2378508809,967.240783691
35.7551840003,-83.2378281809,967.679870605
35.7551030012,-83.2378021809,968.445373535
35.7550208012,-83.2377799809,968.943359375
35.7549363002,-83.2377701809,969.540527344
35.7548527012,-83.2377839809,970.018371582
35.7547881012,-83.2378063809,970.188415527
35.7547343022,-83.2378468809,969.796508789
35.7547100022,-83.2378995809,969.10736084
35.7547052021,-83.2379566809,969.223876953
35.7547764012,-83.238002981,970.174194336
35.7548606002,-83.238043381,971.78125
35.7549492012,-83.238073081,973.873840332
35.7550386002,-83.238100481,974.634033203
35.7551256012,-83.238134481,974.436645508
35.7551971002,-83.238169681,974.28338623
35.7552701013,-83.2382253811,974.789855957
35.7553335023,-83.2382919811,975.459716797
35.7553918013,-83.2383630811,976.289978027
35.7554357013,-83.2384155811,976.757446289
35.7554768013,-83.2384703811,977.045166016
35.7555058003,-83.2385321812,977.801391602
35.7555118023,-83.2385880812,978.755432129
35.7555218003,-83.2386431812,979.544494629
35.7555748023,-83.2386999812,978.554504395
35.7555860023,-83.2387768812,979.372680664
35.7555900013,-83.2388551813,980.352478027
35.7556189023,-83.2389218813,980.742675781
35.7556584013,-83.2389830813,981.348449707
35.7556946023,-83.2390461813,981.910888672
35.7557286003,-83.2391261813,982.153015137
35.7557578013,-83.2392078814,982.80279541
35.7557801013,-83.2392918814,983.541625977
35.7557933013,-83.2393799814,984.517456055
35.7557994013,-83.2394687814,985.69732666
35.7558021003,-83.2395578815,986.604431152
35.7557999013,-83.2396435815,987.392883301
35.7557926013,-83.2397290815,988.453796387
35.7557862013,-83.2398145815,989.125549316
35.7557868013,-83.2399002816,989.711608887
35.7557941003,-83.2399897816,990.57989502
35.7558105013,-83.2400778816,991.871520996
35.7558374013,-83.2401390816,992.737487793
35.7558623013,-83.2402009817,993.519104004
35.7558703013,-83.2402615817,994.073303223
35.7558690013,-83.2403227817,994.089416504
35.7558582013,-83.2403786817,993.723937988
35.7558399013,-83.2404325817,993.402282715
35.7558063013,-83.2404944817,993.044799805
35.7557656023,-83.2405520818,992.711181641
35.7557023022,-83.2406286818,992.452331543
35.7556366012,-83.2407032818,992.369018555
35.7555931002,-83.2407559818,992.342285156
35.7555534022,-83.2408115818,992.327331543
35.7555277012,-83.2408734818,992.086547852
35.7555081012,-83.2409377819,991.840698242
35.7554779012,-83.2409974819,992.007751465
35.7554179022,-83.2410393819,992.43371582
35.7553591002,-83.2410825819,992.344482422
35.7553223021,-83.2411559819,991.255615234
35.7553021011,-83.2412357819,989.688781738
35.7552982011,-83.241324482,989.286621094
35.7553079021,-83.241412882,989.249328613
35.7553219011,-83.241480382,989.162780762
35.7553414011,-83.241546582,989.335632324
35.7553675011,-83.2416210821,990.872436523
35.7554018011,-83.2416919821,991.215820312
35.7554662002,-83.2417619821,990.878967285
35.7555345022,-83.2418284821,990.046020508
35.7555805022,-83.2418945821,989.79119873
35.7556221022,-83.2419635822,989.937988281
35.7556636022,-83.2420270822,990.05267334
35.7557056012,-83.2420903822,990.052429199
35.7557393012,-83.2421582822,990.294189453
35.7557523012,-83.2422326823,990.909057617
35.7557418012,-83.2423097823,990.946716309
35.7556870002,-83.2423524823,990.142456055
35.7556053012,-83.2423833823,989.681762695
35.7555330001,-83.2424189823,989.401062012
35.7554642021,-83.2424608823,989.176208496
35.7553997001,-83.2425091823,988.771118164
35.7553405021,-83.2425638823,988.377441406
35.7553043011,-83.2426076823,987.780822754
35.7552668001,-83.2426502824,987.069091797
35.7551848011,-83.2426920824,987.542724609
35.755102901,-83.2427341824,987.984985352
35.755055401,-83.2427944824,987.51763916
35.755018501,-83.2428619824,987.399291992
35.754982101,-83.2429298824,987.737854004
35.754934601,-83.2430109824,988.384094238
35.754888901,-83.2430930825,988.687072754
35.7548488,-83.2431681825,988.866699219
35.7548104,-83.2432441825,988.66986084
35.754776502,-83.2433221825,987.87689209
35.7547590009,-83.2433774825,986.846923828
35.7547384019,-83.2434316825,986.222351074
35.7547015009,-83.2434841826,985.897399902
35.7546553009,-83.2435288826,986.208557129
35.7546136009,-83.2435629826,986.156921387
35.7545642009,-83.2435815826,985.827209473
35.7545106019,-83.2435579826,986.769226074
35.7544695009,-83.2435083826,987.968444824
35.7544313019,-83.2434562825,988.370483398
35.7543717009,-83.2434163825,987.753112793
35.7543063999,-83.2433863825,987.150878906
35.7542089018,-83.2433675825,985.750915527
35.7541092018,-83.2433620825,984.916931152
35.7540192008,-83.2433230825,985.553771973
35.7539694008,-83.2432594825,986.47064209
35.7539316008,-83.2431878824,986.029968262
35.7539062998,-83.2431158824,985.418579102
35.7538902998,-83.2430411824,985.146972656
35.7538816018,-83.2429652824,985.536560059
35.7538853008,-83.2428933823,985.878845215
35.7538842998,-83.2428215823,985.456359863
35.7538684008,-83.2427686823,984.918579102
35.7538410998,-83.2427208823,985.014404297
35.7537608998,-83.2426743823,984.265319824
35.7536934998,-83.2426552823,984.108886719
35.7536237017,-83.2426505823,983.585144043
35.7535539007,-83.2426573823,983.441833496
35.7535042997,-83.2426738823,982.655639648
35.7534540997,-83.2426877823,982.075683594
35.7533939007,-83.2426834822,981.870239258
35.7533374017,-83.2426623822,981.82598877
35.7532934007,-83.2426268822,981.922180176
35.7532578017,-83.2425827822,981.852661133
35.7532298007,-83.2425187822,981.563781738
35.7532139007,-83.2424504822,981.646240234
35.7531984017,-83.2423820821,981.716918945
35.7531755007,-83.2423045821,981.206542969
35.7531563007,-83.2422260821,980.275878906
35.7531484007,-83.2421524821,979.647583008
35.7531459997,-83.2420784821,979.102478027
35.7531424007,-83.242004482,979.001037598
35.7531348017,-83.241926882,979.322631836
35.7530631007,-83.241902782,977.076049805
35.7529727996,-83.241911282,975.897033691
35.7529050996,-83.241960782,974.21295166
35.7528358006,-83.242006982,973.888793945
35.7527709006,-83.241994582,975.060852051
35.7527138006,-83.241960382,975.656555176
35.7526663016,-83.241913682,975.686950684
35.7526295996,-83.241844382,975.555908203
35.7526087996,-83.2417685819,975.807434082
35.7525984006,-83.2416906819,975.355957031
35.7526001996,-83.2415911819,974.945373535
35.7525702006,-83.2415320819,974.13104248
35.7525301996,-83.2414785818,974.197937012
35.7524857016,-83.2414114818,975.380004883
35.7524425995,-83.2413434818,974.182983398
35.7524128015,-83.2412730818,972.747924805
35.7523730005,-83.2412087818,971.273620605
35.7523283005,-83.2411854817,970.277038574
35.7522554005,-83.2412276818,968.143249512
35.7522003995,-83.2412663818,967.335021973
35.7521471005,-83.2413074818,967.907165527
35.7520910015,-83.2413446818,969.238220215
35.7520033005,-83.2413779818,969.631469727
35.7519184004,-83.2414171818,969.473876953
35.7518644014,-83.2414677818,969.500732422
35.7518171994,-83.2415249818,968.852661133
35.7517806004,-83.2415711818,968.470275879
35.7517522994,-83.2416226818,968.472229004
35.7517470004,-83.2416778819,968.598693848
35.7517412004,-83.2417329819,969.243835449
35.7517040014,-83.2417982819,970.729370117
35.7516222014,-83.2418290819,971.108764648
35.7515362993,-83.2418209819,970.542053223
35.7514515013,-83.2418021819,970.915405273
35.7513523003,-83.2418034819,971.149353027
35.7512531013,-83.2418076819,970.69317627
35.7512029993,-83.2418119819,970.267883301
35.7511540013,-83.2418048819,969.855102539
35.7511194003,-83.2417684818,969.80456543
35.7510923012,-83.2417257818,970.171569824
35.7510568992,-83.2416450818,971.236206055
35.7510140992,-83.2415687818,971.661499023
35.7509606992,-83.2415339818,970.523864746
35.7509060012,-83.2415656818,967.778991699
35.7508496002,-83.2416400818,966.898254395
35.7508149992,-83.2417275818,968.04675293
35.7507842002,-83.2418165818,967.324401855
35.7507537002,-83.2418883819,966.99005127
35.7507235992,-83.2419603819,966.84942627
35.7507015012,-83.2420350819,966.774780273
35.7506975002,-83.2421126819,966.563903809
35.7507128002,-83.2421622819,966.277587891
35.7507227002,-83.242212882,966.358886719
35.7507036001,-83.242267682,967.415283203
35.7506385991,-83.242283382,967.986877441
35.7505682991,-83.242274982,968.552307129
35.7504956001,-83.242281082,968.600280762
35.7504237001,-83.242292982,969.289855957
35.7503509991,-83.242308282,970.068603516
35.7502876011,-83.242344482,969.424560547
35.7502501,-83.242420782,968.881469727
35.750254401,-83.242493982,968.494445801
35.7502744,-83.242565282,968.909912109
35.750294301,-83.242630982,969.266906738
35.7503198001,-83.2426947821,969.145568848
35.7503520001,-83.2427553821,969.49432373
35.7504032001,-83.2428190821,968.661865234
35.7504579001,-83.2428799821,968.135559082
35.7505119991,-83.2429437822,967.522338867
35.7505545011,-83.2430153822,967.405761719
35.7505711011,-83.2430932822,969.872253418
35.7505336001,-83.2431696822,971.377441406
35.7504428001,-83.2432002822,971.930114746
35.750388901,-83.2431915822,972.311523438
35.750334901,-83.2431861822,972.599853516
35.750262,-83.2432283822,971.715087891
35.750197899,-83.2432904822,971.699951172
35.750147301,-83.2433640823,971.38684082
35.750111299,-83.2434457823,971.146118164
35.750093999,-83.2435332823,970.385681152
35.7500932,-83.2435889823,969.969543457
35.750101001,-83.2436440823,969.650878906
35.7501479,-83.2437159824,968.97467041
35.7502066,-83.2437796824,968.441162109
35.750259201,-83.2438585824,968.431274414
35.750323,-83.2439036824,967.782714844
35.7503929,-83.2439397824,967.229003906
35.750445801,-83.2439753825,967.09387207
35.750499801,-83.2440091825,966.625061035
35.7505645,-83.2440356825,965.731262207
35.7506316001,-83.2440558825,964.909790039
35.7506968001,-83.2440810825,964.259765625
35.7507687001,-83.2441140825,962.090270996
35.7508305001,-83.2441622825,960.282775879
35.7508571011,-83.2442047825,960.135742188
35.7508739001,-83.2442519826,959.668151855
35.7508721991,-83.2443403826,959.669128418
35.7508437011,-83.2444169826,959.972351074
35.7507858991,-83.2444587826,958.343261719
35.7507164001,-83.2444797826,957.708862305
35.7506669991,-83.2444912826,958.36920166
35.7506169,-83.2444990826,958.433959961
35.7505224,-83.2445119826,957.037353516
35.7504272,-83.2445158826,956.269836426
35.7503427,-83.2445024826,955.771179199
35.75026,-83.2444800826,954.76940918
35.750175799,-83.2444644826,953.682800293
35.7500767009,-83.2444616826,950.646362305
35.7500016989,-83.2444660826,949.775024414
35.7499406999,-83.2445020826,949.547729492
35.7499394999,-83.2445683826,951.556091309
35.7500004999,-83.2446155826,952.097167969
35.7500732009,-83.2446495826,950.468139648
35.7501192989,-83.2447104826,950.207641602
35.7501534989,-83.2447788827,951.06262207
35.7501775999,-83.2448514827,952.379760742
35.7501866989,-83.2449175827,954.287475586
35.7501882989,-83.2449842827,955.722167969
35.7501918999,-83.2450509828,956.265319824
35.7502015999,-83.2451177828,956.203186035
35.7502132999,-83.2451842828,955.674438477
35.7502241999,-83.2452509828,954.823059082
35.7502385999,-83.2453393828,954.192077637
35.7502515009,-83.2454278829,953.834472656
35.7502552999,-83.2455172829,953.357116699
35.7502525999,-83.2455727829,953.197509766
35.7502441989,-83.2456275829,952.989746094
35.7502208009,-83.2456897829,953.034729004
35.7501879009,-83.245747583,953.179382324
35.7501411999,-83.245802783,953.161987305
35.7500859989,-83.245849783,952.958374023
35.7500318999,-83.245897983,952.796691895
35.7499728988,-83.245963383,952.235839844
35.7499122998,-83.246027283,951.785827637
35.7498463008,-83.246083983,951.186767578
35.7497750988,-83.246133983,949.917541504
35.7496897008,-83.2461638831,949.930786133
35.7496114008,-83.2462067831,949.267700195
35.7495647008,-83.2462938831,950.273742676
35.7495398007,-83.2463861831,951.344909668
35.7495251987,-83.2464807831,951.829650879
35.7495147997,-83.2465502832,951.868286133
35.7495069997,-83.2466200832,951.559692383
35.7495032997,-83.2466902832,951.380249023
35.7495040987,-83.2467623832,951.354370117
35.7495095997,-83.2468341832,951.273132324
35.7495209987,-83.2469186833,951.051208496
35.7495424997,-83.2470010833,950.699462891
35.7495808997,-83.2470733833,950.211975098
35.7496323997,-83.2471370833,949.578674316
35.7496922007,-83.2471932834,948.869995117
35.7497593988,-83.2472333834,947.593505859
35.7498258988,-83.2472744834,946.498840332
35.7498811008,-83.2473402834,947.234375
35.7499314998,-83.2474100834,948.40814209
35.7500038008,-83.2474762835,948.633911133
35.7500548998,-83.2475573835,949.123535156
35.7500538998,-83.2476125835,949.412475586
35.7500106998,-83.2476915835,949.085571289
35.7499431008,-83.2477532835,948.487976074
35.7498690008,-83.2478062835,947.918945312
35.7497881007,-83.2478483836,947.561279297
35.7497251987,-83.2478758836,946.78338623
35.7496609007,-83.2479000836,946.179016113
35.7495853997,-83.2479307836,945.574829102
35.7495066997,-83.2479510836,944.346374512
35.7494346987,-83.2479490836,944.406677246
35.7494065007,-83.2480035836,944.000915527
35.7494503007,-83.2480710836,943.996154785
35.7495110987,-83.2481374836,943.471618652
35.7495826007,-83.2481924836,942.740966797
35.7496549997,-83.2482462837,941.967651367
35.7497189997,-83.2483096837,942.238647461
35.7497598997,-83.2483894837,943.941711426
35.7497763997,-83.2484672837,945.701843262
35.7497478987,-83.2485438838,946.647033691
35.7496661997,-83.2485747838,946.145202637
35.7495943997,-83.2485616837,945.611022949
35.7495219987,-83.2485013837,946.520996094
35.7494654996,-83.2484241837,948.533813477
35.7493906996,-83.2483679837,949.669494629
35.7493348996,-83.2483609837,949.01751709
35.7492823996,-83.2483759837,946.978027344
35.7492670996,-83.2484407837,944.493286133
35.7492708996,-83.2485083837,944.632324219
35.7492851996,-83.2485648837,944.606018066
35.7493047996,-83.2486198837,944.70880127
35.7493303996,-83.2486980838,944.803649902
35.7493420006,-83.2487648838,945.676818848
35.7493549996,-83.2488313838,946.254089355
35.7493992006,-83.2489119838,945.490844727
35.7494590996,-83.2489822839,944.041809082
35.7495129986,-83.2490569839,944.339050293
35.7495439986,-83.2491231839,945.319274902
35.7495712996,-83.2491909839,946.256652832
35.7495993996,-83.249258484,947.315734863
35.7496310996,-83.249312384,946.886474609
35.7496513986,-83.249370584,947.309936523
35.7496136986,-83.249457984,948.009033203
35.7495669986,-83.249485784,948.086364746
35.7495136996,-83.249499384,948.391967773
35.7494328996,-83.249508784,948.261657715
35.7493513996,-83.249505884,948.102905273
35.7492763996,-83.249492584,948.604370117
35.7492024996,-83.249473184,949.318725586
35.7491267995,-83.249466384,949.388305664
35.7490614995,-83.249473984,948.522583008
35.7490000005,-83.249495984,947.388122559
35.7489511985,-83.249550884,946.434448242
35.7489166985,-83.249616584,945.752563477
35.7488793995,-83.249680584,944.929260254
35.7488285995,-83.2497429841,944.094116211
35.7487750004,-83.2498029841,942.23046875
35.7487226984,-83.2498640841,942.512084961
35.7486766004,-83.2499255841,943.622375488
35.7486316994,-83.2499879841,944.093322754
35.7485839984,-83.2500481841,945.002380371
35.7485363984,-83.2500951841,944.972290039
35.7484920994,-83.2501450841,944.028564453
35.7484481984,-83.2502229842,944.566223145
35.7484258994,-83.2503090842,946.57611084
35.7484339994,-83.2503710842,947.197143555
35.7484506984,-83.2504314842,947.380737305
35.7484682004,-83.2504942843,946.868347168
35.7484933994,-83.2505542843,946.757019043
35.7485628984,-83.2506188843,946.940673828
35.7486444994,-83.2506690843,946.930603027
35.7487061994,-83.2507082843,947.267272949
35.7487683984,-83.2507467843,947.657897949
35.7488223984,-83.2507957844,948.3046875
35.7488749994,-83.2508746844,948.201782227
35.7488878984,-83.2509349844,947.81060791
35.7488907984,-83.2509966844,947.51776123
35.7488837004,-83.2510905845,947.158874512
35.7488621994,-83.2511822845,947.090698242
35.7488316004,-83.2512714845,947.184570312
35.7487939984,-83.2513555845,946.961181641
35.7487473994,-83.2514349845,946.710021973
35.7486817004,-83.2514992846,946.5546875
35.7486077993,-83.2515545846,946.884765625
35.7485543993,-83.2516285846,947.438781738
35.7485395983,-83.2516771846,947.501708984
35.7485345993,-83.2517275846,947.36730957
35.7485652993,-83.2517895846,947.118164062
35.7486135993,-83.2518403847,947.440246582
35.7486846003,-83.2518976847,947.610900879
35.7486919983,-83.2519862847,947.723510742
35.7486595993,-83.2520295847,947.808227539
35.7486272993,-83.2520729847,947.999633789
35.7486345993,-83.2521615848,947.277038574
35.7486878003,-83.2522073848,946.541687012
35.7487595993,-83.2522364848,945.551513672
35.7488308994,-83.2522666848,944.651794434
35.7488837004,-83.2523195848,944.444702148
35.7489279994,-83.2523799848,944.333312988
35.7489674004,-83.2524483849,944.182861328
35.7489987984,-83.2525208849,943.720275879
35.7490250994,-83.2525954849,942.728149414
35.7490486984,-83.2526708849,941.840576172
35.7490684004,-83.2527406849,941.407836914
35.7490851994,-83.252811185,941.203857422
35.7490988994,-83.252882385,940.317565918
35.7491144004,-83.252959585,939.685241699
35.7491269004,-83.253037185,940.278808594
35.7491213994,-83.2531152851,940.339355469
35.7490815004,-83.2531813851,940.97076416
35.7490378994,-83.2532455851,941.026550293
35.7490128984,-83.2533097851,940.275146484
35.7489992994,-83.2533771851,939.984802246
35.7490067004,-83.2534658852,938.628356934
35.7490598994,-83.2535115852,936.797424316
35.7491413994,-83.2534917852,935.995239258
35.7492318994,-83.2534721852,934.330383301
35.7492761984,-83.2535176852,932.696533203
35.7493113984,-83.2535628852,931.352172852
35.7492736994,-83.2536502852,932.328063965
35.7493085994,-83.2536845852,932.496582031
35.7493445004,-83.2537186853,933.072753906
35.7493525004,-83.2537741853,933.973693848
35.7493597994,-83.2538487853,934.971374512
35.7493857984,-83.2539188853,936.70098877
35.7494378984,-83.2539712853,937.919128418
35.7495012994,-83.2540105853,938.967041016
35.7495622994,-83.2540414854,939.645507812
35.7496262995,-83.2540659854,939.850402832
35.7496889995,-83.2540933854,940.344909668
35.7497721005,-83.2541482854,942.070495605
35.7498582995,-83.2541976854,943.19342041
35.7499122995,-83.2542095854,942.213806152
35.7499659995,-83.2542228854,941.455566406
35.7500282995,-83.2542721855,943.910522461
35.7500728985,-83.2543386855,947.037109375
35.7501112005,-83.2544090855,949.019897461
35.7501516995,-83.2544782855,949.852111816
35.7502034996,-83.2545391855,950.45489502
35.7502650996,-83.2545934856,950.96887207
35.7503369996,-83.2546313856,951.196655273
35.7504273006,-83.2546228856,949.833251953
35.7504666996,-83.2546584856,950.80065918
35.7504979006,-83.2547022856,952.29699707
35.7505421996,-83.2547729856,954.029052734
35.7505770996,-83.2548486857,955.35369873
35.7506072006,-83.2549265857,956.54876709
35.7506363996,-83.2550047857,957.749633789
35.7506574006,-83.2550793857,959.239807129
35.7506877986,-83.2551499858,960.77545166
35.7507347006,-83.2551821858,960.135498047
35.7507858987,-83.2552079858,959.672546387
35.7508306007,-83.2552419858,960.339477539
35.7508747007,-83.2552768858,961.043884277
35.7509477997,-83.2553151858,960.649597168
35.7510081997,-83.2553690858,960.752624512
35.7510252007,-83.2554248859,961.021728516
35.7510058997,-83.2554906859,960.318908691
35.7509543007,-83.2555213859,959.735168457
35.7508967987,-83.2555428859,959.67755127
35.7508447996,-83.2556015859,959.246582031
35.7508053986,-83.2556696859,958.438781738
35.7507668996,-83.2557382859,957.563598633
35.7507248006,-83.2558061859,957.350830078
35.7506839006,-83.255874786,957.044189453
35.7506457996,-83.255944986,956.818969727
35.7506242996,-83.255995086,956.135681152
35.7505989006,-83.256043186,955.273864746
35.7505495996,-83.256088386,954.222473145
35.7504893996,-83.256117486,952.977905273
35.7504218985,-83.256118286,952.36505127
35.7503541995,-83.256113686,951.892578125
35.7502849995,-83.256129686,951.117004395
35.7502183005,-83.256153986,950.347290039
35.7501359995,-83.256199686,949.409790039
35.7500611995,-83.256257086,948.632446289
35.7499873994,-83.2563158861,947.558166504
35.7499077994,-83.2563663861,948.258056641
35.7498326994,-83.2563925861,948.907836914
35.7497623994,-83.2564286861,948.558288574
35.7497162984,-83.2564826861,947.827026367
35.7497009004,-83.2565595861,946.806762695
35.7497108994,-83.2566382861,946.596923828
35.7497299984,-83.2567152862,946.735168457
35.7497642994,-83.2568006862,947.235595703
35.7498131994,-83.2568786862,946.614379883
35.7498697994,-83.2569513862,945.626403809
35.7499214004,-83.2570146863,945.334228516
35.7499847994,-83.2570652863,945.490783691
35.7500746994,-83.2570787863,944.556030273
35.7501379994,-83.2570695863,942.981018066
35.7501956005,-83.2570908863,942.640014648
35.7502451005,-83.2571278863,942.464904785
35.7503042985,-83.2572021863,942.242858887
35.7503502985,-83.2572856864,941.787475586
35.7503828985,-83.2573517864,941.649902344
35.7504107995,-83.2574200864,941.280273438
35.7504298005,-83.2574752864,940.510986328
35.7504447995,-83.2575315864,939.851501465
35.7504583005,-83.2576031865,938.967529297
35.7504600995,-83.2576757865,938.265563965
35.7504407005,-83.2577526865,938.134155273
35.7504311985,-83.2577744865,938.235412598
35.7503844985,-83.2578616865,938.91204834
35.7503908985,-83.2579131865,938.514404297
35.7504097005,-83.2579618866,938.967529297
35.7504821995,-83.2580276866,938.287658691
35.7505605985,-83.2580877866,937.144165039
35.7505891995,-83.2581369866,937.250915527
35.7506126985,-83.2581888866,937.151428223
35.7506324985,-83.2582382867,936.662841797
35.7506468985,-83.2582893867,935.933410645
35.7506501995,-83.2583837867,935.324890137
35.7506343985,-83.2584769867,934.94140625
35.7505957985,-83.2585584867,935.049499512
35.7505591995,-83.2586407868,935.682128906
35.7505607995,-83.2587111868,935.086669922
35.7505733005,-83.2587807868,934.237243652
35.7505733005,-83.2588511868,933.562927246
35.7505555995,-83.2589084868,933.063842773
35.7505260984,-83.2589604869,932.181762695
35.7504797994,-83.2589934869,931.503479004
35.7504260004,-83.2590129869,930.85760498
35.7503534984,-83.2590143869,930.813903809
35.7502814994,-83.2590198869,930.608215332
35.7502083984,-83.2590730869,930.746765137
35.7501863984,-83.2591203869,931.859619141
35.7501794994,-83.2591718869,933.713806152
35.7501994004,-83.2592202869,933.735473633
35.7502318994,-83.2592617869,933.134033203
35.7503029984,-83.259319087,932.120666504
35.7503554994,-83.259345187,931.246154785
35.7504101994,-83.259366387,930.242553711
35.7504778994,-83.259389087,929.682617188
35.7505445984,-83.259414387,929.879943848
35.7506097984,-83.259450387,929.718139648
35.7506692005,-83.259495287,929.548278809
35.7507219005,-83.259554187,929.346374512
35.7507660985,-83.2596196871,928.480773926
35.7508077995,-83.2597079871,927.334655762
35.7508437995,-83.2597987871,926.303833008
35.7508791985,-83.2598731872,924.967834473
35.7509163995,-83.2599467872,923.357299805
35.7509496995,-83.2600221872,922.407287598
35.7509732995,-83.2601010872,921.836608887
35.7509850995,-83.2601560872,921.738891602
35.7509892995,-83.2602120873,921.450134277
35.7509798985,-83.2602628873,920.918151855
35.7509603985,-83.2603107873,919.994628906
35.7509063985,-83.2603600873,919.161804199
35.7508415995,-83.2603958873,918.237121582
35.7507740984,-83.2604387873,917.065856934
35.7507047004,-83.2604782873,915.921386719
35.7506321004,-83.2605115873,914.749328613
35.7505650984,-83.2605351873,914.157714844
35.7504960994,-83.2605519873,913.908813477
35.7504415994,-83.2605533873,913.770141602
35.7503877994,-83.2605599873,913.729370117
35.7503330983,-83.2605915873,913.442504883
35.7503135003,-83.2606794874,912.820129395
35.7503260003,-83.2607490874,915.32220459
35.7503560003,-83.2608133874,916.482971191
35.7503959983,-83.2608627874,915.70111084
35.7504443994,-83.2609043874,915.901916504
35.7505153994,-83.2609433874,917.36529541
35.7505926994,-83.2609686875,917.003967285
35.7506679984,-83.2609991875,917.129455566
35.7507499994,-83.2610482875,917.636047363
35.7508282994,-83.2611031875,917.58190918
35.7508964984,-83.2611583875,916.855163574
35.7509613984,-83.2612175876,916.396972656
35.7510196995,-83.2612751876,915.995544434
35.7510754995,-83.2613352876,915.405456543
35.7511271985,-83.2613988876,914.946166992
35.7511729995,-83.2614667876,914.7734375
35.7512138995,-83.2615443877,914.607910156
35.7512511985,-83.2616238877,914.866271973
35.7512783985,-83.2616792877,914.416687012
35.7513031995,-83.2617358877,914.064086914
35.7513282005,-83.2618127877,913.738708496
35.7513452995,-83.2618918878,913.640136719
35.7513570995,-83.2619803878,913.952819824
35.7513509995,-83.2620689878,913.77355957
35.7513240985,-83.2621266878,912.80847168
35.7512857995,-83.2621776879,911.866821289
35.7512300985,-83.2622250879,911.105224609
35.7511671005,-83.2622627879,909.848815918
35.7510850994,-83.2623046879,910.87487793
35.7510645984,-83.2623963879,911.032043457
35.7510635984,-83.2624920879,910.100219727
35.7510572994,-83.262562088,909.194641113
35.7510511984,-83.262631988,907.843322754
35.7510415984,-83.262701588,906.358459473
35.7510241994,-83.262780188,904.906799316
35.7510017994,-83.262857588,903.531494141
35.7509752994,-83.2629336881,902.522583008
35.7509456984,-83.2630085881,901.694396973
35.7509023994,-83.2630953881,901.059631348
35.7508613004,-83.2631831881,900.577087402
35.7508444993,-83.2632489881,900.022094727
35.7508320993,-83.2633157882,898.952819824
35.7508124993,-83.2633807882,898.163635254
35.7507657003,-83.2634510882,897.877746582
35.7507197003,-83.2635218882,898.021728516
35.7506919993,-83.2636113882,897.784729004
35.7506797983,-83.2637042883,897.473266602
35.7506874983,-83.2637974883,897.544555664
35.7507172993,-83.2638648883,896.345336914
35.7507479993,-83.2639318883,894.966247559
35.7507587003,-83.2639814884,894.222229004
35.7507641983,-83.2640318884,893.466552734
35.7507616993,-83.2641032884,892.585754395
35.7507485993,-83.2641735884,892.171264648
35.7507242003,-83.2642407884,890.69329834
35.7506817993,-83.2643031884,889.137145996
35.7506316993,-83.2643597885,888.47442627
35.7505719992,-83.2644152885,888.774902344
35.7505212982,-83.2644783885,889.044921875
35.7504998982,-83.2645712885,888.655883789
35.7505088002,-83.2646659885,888.193115234
35.7505373992,-83.2647123886,887.560241699
35.7505701982,-83.2647561886,886.85949707
35.7506112992,-83.2648317886,886.103088379
35.7506392992,-83.2649129886,884.670166016
35.7506481982,-83.2649625886,883.73248291
35.7506465002,-83.2650126886,882.991516113
35.7506002002,-83.2650776887,882.25970459
35.7505223992,-83.2651085887,880.76953125
35.7504373992,-83.2651062887,879.687683105
35.7503682992,-83.2650878887,879.005126953
35.7503030992,-83.2650581886,878.531188965
35.7502227981,-83.2650116886,877.483032227
35.7501522991,-83.2649913886,876.291442871
35.7500790991,-83.2649854886,876.031799316
35.7500039991,-83.2649888886,876.147033691
35.7499342991,-83.2650145886,876.456604004
35.7498945981,-83.2650667886,876.191833496
35.7498601991,-83.2651230886,875.187744141
35.7498044001,-83.2651915886,873.909240723
35.7497405,-83.2652523887,873.320739746
35.749671999,-83.2652893887,872.997070312
35.749597599,-83.2653127887,872.060119629
35.749522699,-83.2653346887,871.222717285
35.7494602,-83.2653585887,871.038024902
35.749395698,-83.2653752887,870.15637207
35.7493327979,-83.2653655887,869.799682617
35.7492697979,-83.2653606887,869.344116211
35.7492060989,-83.2653919887,869.288696289
35.7491685989,-83.2654683887,869.492004395
35.7491988979,-83.2655371887,869.31036377
35.7492381979,-83.2656029887,868.403076172
35.7492347989,-83.2656772888,867.901184082
35.7492171989,-83.2657501888,867.366638184
35.7492159989,-83.2658235888,866.258789062
35.7492787979,-83.2658578888,865.074523926
35.7493521999,-83.2658597888,864.232421875
35.7494229989,-83.2658404888,863.38067627
35.749481899,-83.2657691888,862.576599121
35.749542799,-83.2657000888,861.406799316
35.749615298,-83.2656982888,861.266784668
35.749686699,-83.2657152888,861.000549316
35.749770898,-83.2657486888,859.935668945
35.749856898,-83.2657753888,858.454589844
35.7499236981,-83.2657673888,857.618652344
35.7499872001,-83.2657450888,856.958618164
35.7500473001,-83.2657144888,856.558288574
35.7500962001,-83.2656750888,856.024597168
35.7501478991,-83.2656398888,855.156982422
35.7502291981,-83.2656311888,853.730651855
35.7502911981,-83.2656881888,852.576049805
35.7503352001,-83.2657665888,851.199523926
35.7503585981,-83.2658536889,850.413696289
35.7503701991,-83.2659431889,849.978759766
35.7503747991,-83.2660333889,849.125610352
35.7503733991,-83.266110689,848.041503906
35.7503407001,-83.266164989,847.380126953
35.7503081991,-83.266219489,847.000061035
35.7503040991,-83.266270089,845.949707031
35.7503154001,-83.266319189,844.729797363
35.7503597991,-83.266353589,843.493713379
35.7504097981,-83.266347789,843.625915527
35.7504592981,-83.266334289,843.718688965
35.7505305982,-83.266356089,843.042541504
35.7505934982,-83.2663970891,842.061523438
35.7506555992,-83.2664393891,841.133056641
35.7507136002,-83.2664804891,840.083007812
35.7507702992,-83.2665232891,839.187194824
35.7508336992,-83.2665549891,838.144958496
35.7509150992,-83.2665546891,836.905395508
35.7509958982,-83.2665595891,835.452697754
35.7510400993,-83.2665827891,834.574584961
35.7510758993,-83.2666171891,833.640075684
35.7510944993,-83.2666712892,833.283630371
35.7511008993,-83.2667284892,832.778625488
35.7510875983,-83.2668167892,832.161254883
35.7510704992,-83.2669045892,831.325866699
35.7510706002,-83.2669830893,830.40234375
35.7510856002,-83.2670597893,829.254211426
35.7511381993,-83.2671386893,828.04284668
35.7511886993,-83.2671602893,827.515319824
35.7512364983,-83.2671856893,826.901428223
35.7512478993,-83.2672459893,826.299865723
35.7512521983,-83.2673077894,825.527648926
35.7512698993,-83.2673744894,824.396789551
35.7512943983,-83.2674388894,823.265197754
35.7513298003,-83.2674979894,822.481079102
35.7513912993,-83.2675448894,822.237243652
35.7514541983,-83.2675900895,821.847290039
35.7514937983,-83.2676518895,820.771179199
35.7515330003,-83.2677139895,819.678710938
35.7515920993,-83.2677761895,818.603637695
35.7516663003,-83.2678172895,816.973266602
35.7517475994,-83.2678084895,815.31463623
35.7517871004,-83.2677781895,814.74621582
35.7518296984,-83.2677555895,814.041625977
35.7518740984,-83.2677899895,813.200317383
35.7519004994,-83.2678238895,812.48248291
35.7518948004,-83.2678791896,811.906860352
35.7518804004,-83.2679338896,811.669006348
35.7518876994,-83.2680225896,810.877746582
35.7518547994,-83.2680990896,810.848693848
35.7518217994,-83.2681754896,809.664001465
35.7518290994,-83.2682641897,808.491088867
35.7518635994,-83.2683522897,807.516906738
35.7518887984,-83.2684427897,806.75994873
35.7518788004,-83.2684977897,806.304260254
35.7518242993,-83.2685183897,806.165222168
35.7517732993,-83.2685172897,805.956665039
35.7517249993,-83.2685266897,805.682495117
35.7517053003,-83.2686145898,805.683654785
35.7517142003,-83.2686885898,805.953186035
35.7517385983,-83.2687592898,805.915588379
35.7517636993,-83.2688134898,805.220947266
35.7517997993,-83.2688604898,804.627441406
35.7518757993,-83.2688635899,803.319396973
35.7519531994,-83.2688537899,801.389465332
35.7520060004,-83.2688634899,800.188415527
35.7520517004,-83.2688897899,798.956787109
35.7520769984,-83.2689789899,798.677978516
35.7520802994,-83.2690537899,798.884765625
35.7520709004,-83.2691283899,798.461486816
35.7520627994,-83.26920309,797.834716797
35.7520713994,-83.26927739,797.287353516
35.7521060004,-83.26935579,796.608825684
35.7521765994,-83.26940079,795.325561523
35.7522578984,-83.26942639,793.827087402
35.7523123994,-83.26944829,792.992492676
35.7523652004,-83.2694736901,792.356872559
35.7524266004,-83.2695314901,792.368591309
35.7524892004,-83.2695877901,791.779724121
35.7525614984,-83.2696049901,790.411193848
35.7526327005,-83.2696250901,788.901977539
35.7526820995,-83.2696942901,788.110168457
35.7527136995,-83.2697743902,787.165405273
35.7527546995,-83.2698496902,786.032287598
35.7528056005,-83.2698931902,784.962402344
35.7528520995,-83.2699408902,784.093566895
35.7528733985,-83.2699952902,783.426513672
35.7528861005,-83.2700524903,783.085144043
35.7528932005,-83.2701352903,782.348266602
35.7528919005,-83.2702184903,782.044372559
35.7528823005,-83.2702957903,781.596008301
35.7528685985,-83.2703725904,780.979492188
35.7528695005,-83.2704501904,780.059631348
35.7528839005,-83.2705091904,779.193725586
35.7529124995,-83.2705619904,778.19519043
35.7529932005,-83.2705863904,776.99407959
35.7530473995,-83.2705760904,776.615661621
35.7531016995,-83.2705673904,776.045715332
35.7531821005,-83.2706028904,774.78894043
35.7532578006,-83.2706240905,773.720825195
35.7533346996,-83.2706403905,772.633178711
35.7533936006,-83.2706508905,771.912353516
35.7534513996,-83.2706657905,771.068115234
35.7535074006,-83.2707048905,770.233032227
35.7535672006,-83.2707353905,769.183776855
35.7536141986,-83.2707183905,768.647094727
35.7536581996,-83.2706937905,768.046630859
35.7537196986,-83.2706620905,767.286010742
35.7537852997,-83.2706420905,766.288330078
35.7538509987,-83.2706574905,764.725463867
35.7539105997,-83.2706898905,763.404602051
35.7539529987,-83.2707213905,762.543457031
35.7539904997,-83.2707584905,761.769042969
35.7540253997,-83.2708204906,761.52545166
35.7540507987,-83.2708873906,761.133239746
35.7540859997,-83.2709491906,760.442199707
35.7541387997,-83.2709900906,759.500793457
35.7541926997,-83.2710296906,758.703552246
35.7542389007,-83.2710990906,757.778991699
35.7542892997,-83.2711650907,757.044067383
35.7543556008,-83.2711861907,756.239746094
35.7544237998,-83.2712020907,755.271179199
35.7544972998,-83.2712460907,754.325744629
35.7545617008,-83.2713026907,753.093688965
35.7546097998,-83.2713732908,752.048339844
35.7546234998,-83.2714496908,751.104858398
35.7546187998,-83.2715277908,750.33996582
35.7546133998,-83.2716057908,749.604858398
35.7546219998,-83.2716832908,748.806518555
35.7546563988,-83.2717726909,748.052429199
35.7547167988,-83.2718247909,746.711303711
35.7547951998,-83.2718428909,745.583190918
35.7548757998,-83.2718376909,744.719116211
35.7549530999,-83.2718142909,744.124023438
35.7550076999,-83.2717826909,743.817443848
35.7550654999,-83.2717345909,743.49432373
35.7551163999,-83.2716789909,742.901245117
35.7551678999,-83.2716240909,742.297851562
35.7552278999,-83.2715788908,741.69909668
35.7552761999,-83.2715537908,741.231140137
35.7553278999,-83.2715375908,740.708374023
35.7553781,-83.2715386908,740.108459473
35.755426801,-83.2715513909,739.658935547
35.755474199,-83.2715758909,738.589599609
35.7555158,-83.2716092909,737.831115723
