'Grapeyard Ridge Trail',7.7,402.64
35.7079660847,-83.3826597206,509.61138916
35.7079643867,-83.3827092207,509.976806641
35.7079589867,-83.3827567207,511.486785889
35.7078954847,-83.3827769207,512.41204834
35.7078137857,-83.3828076207,514.038696289
35.7077518867,-83.3828534207,514.928833008
35.7077013867,-83.3829116207,516.230285645
35.7076661856,-83.3829800207,517.734069824
35.7076525846,-83.3830287207,519.272155762
35.7076461846,-83.3830789208,519.645385742
35.7076555856,-83.3831652208,520.293762207
35.7076878856,-83.3832459208,521.846862793
35.7076960856,-83.3832904208,522.292358398
35.7076944856,-83.3833677208,523.328979492
35.7076787846,-83.3834399209,524.209594727
35.7076556866,-83.3835103209,524.717590332
35.7076336846,-83.3835766209,525.219055176
35.7076079856,-83.3836415209,525.356262207
35.7075598846,-83.3837238209,526.974609375
35.7075027856,-83.383800421,527.300842285
35.7074499846,-83.383879921,527.778625488
35.7074154856,-83.383943821,528.639160156
35.7073834845,-83.384008921,529.621337891
35.7073559845,-83.384076121,530.556274414
35.7073387855,-83.384142521,531.260070801
35.7073172865,-83.3842075211,531.19342041
35.7072801865,-83.3842617211,532.505981445
35.7072162865,-83.3843040211,533.305175781
35.7071686845,-83.3843710211,534.17364502
35.7071322845,-83.3844452211,535.16229248
35.7071010855,-83.3845131211,535.82824707
35.7070735855,-83.3845827212,536.470336914
35.7070469844,-83.3846526212,537.093444824
35.7070162844,-83.3847250212,537.79083252
35.7069846854,-83.3847970212,538.79888916
35.7069578854,-83.3848710212,539.946594238
35.7069419854,-83.3849479213,541.212585449
35.7069429854,-83.3850088213,542.103088379
35.7069395844,-83.3850694213,542.496154785
35.7068927854,-83.3851564213,543.240966797
35.7068697854,-83.3852351213,543.255432129
35.7068585854,-83.3853164214,545.002502441
35.7068519844,-83.3853983214,546.237243652
35.7068468844,-83.3854756214,547.02947998
35.7068488854,-83.3855529214,548.134460449
35.7068713854,-83.3856241215,549.713439941
35.7069031844,-83.3856920215,550.502258301
35.7069167864,-83.3857649215,550.767028809
35.7068979864,-83.3858139215,550.558959961
35.7068877844,-83.3858635215,551.755432129
35.7069233854,-83.3858867215,552.519836426
35.7069683854,-83.3858880215,553.526489258
35.7069974854,-83.3858248215,555.044677734
35.7070008864,-83.3857509215,555.155700684
35.7070175844,-83.3856795215,555.511291504
35.7070729854,-83.3856149215,556.301635742
35.7071455854,-83.3855758215,556.812866211
35.7072272855,-83.3855642215,558.286499023
35.7072764855,-83.3855774215,559.713684082
35.7073258865,-83.3855892215,560.86315918
35.7073907865,-83.3855586215,561.105041504
35.7074434865,-83.3855082215,562.503112793
35.7074996855,-83.3854618214,564.026672363
35.7075596855,-83.3854213214,565.460754395
35.7076270855,-83.3853993214,567.102600098
35.7076984866,-83.3854346214,568.166320801
35.7077237866,-83.3855237215,569.48840332
35.7077246866,-83.3855850215,570.211120605
35.7077123855,-83.3856450215,571.733642578
35.7076773865,-83.3856950215,572.260375977
35.7076383855,-83.3857422215,572.092590332
35.7076091855,-83.3858185216,572.287475586
35.7075811855,-83.3858953216,572.492980957
35.7075352845,-83.3859605216,572.370300293
35.7074884855,-83.3860251216,573.007995605
35.7074578865,-83.3860847216,573.86541748
35.7074322865,-83.3861466216,574.063415527
35.7074126855,-83.3862107217,574.345031738
35.7074033855,-83.3862935217,574.034057617
35.7073913865,-83.3863759217,573.511474609
35.7073727854,-83.3864274217,574.147338867
35.7073443864,-83.3864739217,574.578369141
35.7073018864,-83.3865006217,574.221496582
35.7072534854,-83.3865154217,574.403808594
35.7071678854,-83.3865136217,575.922363281
35.7070822854,-83.3865103217,577.311828613
35.7070210844,-83.3865314217,578.38269043
35.7069640864,-83.3865620217,579.500305176
35.7068940853,-83.3866250217,580.868713379
35.7068262853,-83.3866906218,582.270629883
35.7067665863,-83.3867269218,582.967529297
35.7067076853,-83.3867644218,583.839050293
35.7066439843,-83.3868253218,585.524597168
35.7065878853,-83.3868934218,585.962463379
35.7065400843,-83.3869686218,586.909240723
35.7064947852,-83.3870454218,588.287719727
35.7064416842,-83.3871284219,588.966125488
35.7063833852,-83.3872078219,589.474365234
35.7063276852,-83.3872608219,589.82611084
35.7062730852,-83.3873150219,590.735229492
35.7062271862,-83.3873958219,592.051025391
35.7061920842,-83.387482222,594.032348633
35.7061508841,-83.387565622,594.86126709
35.7061004851,-83.387631922,595.749389648
35.7060450841,-83.387694222,596.360290527
35.7059938861,-83.387759822,597.169311523
35.7059463851,-83.387840822,598.381469727
35.7059004851,-83.3879228221,598.807861328
35.7058642851,-83.3879812221,599.286743164
35.7058269851,-83.3880390221,599.91784668
35.7057888851,-83.3880963221,601.188476562
35.705744586,-83.3881570221,602.555664062
35.705699385,-83.3882170221,603.863342285
35.705658984,-83.3882803222,605.128662109
35.705630284,-83.3883271222,605.227783203
35.705611885,-83.3883783222,605.414550781
35.705628385,-83.3884562222,604.42779541
35.705676985,-83.3885290222,603.762756348
35.705748184,-83.3885812223,602.793334961
35.705823284,-83.3886278223,602.289916992
35.7059082841,-83.3886741223,601.664001465
35.7059926841,-83.3887213223,600.926757812
35.7060641861,-83.3887834223,600.405639648
35.7061343851,-83.3888471224,599.902160645
35.7062104851,-83.3888985224,599.569152832
35.7062855851,-83.3889511224,599.361572266
35.7063407851,-83.3890036224,599.062255859
35.7063911841,-83.3890607224,598.65045166
35.7064395851,-83.3891197225,598.402648926
35.7064883852,-83.3891782225,598.009216309
35.7065491852,-83.3892527225,597.375061035
35.7066079852,-83.3893288225,596.673156738
35.7066685842,-83.3894033226,596.255432129
35.7067348852,-83.3894729226,595.637268066
35.7067978852,-83.3895235226,595.538696289
35.7068590852,-83.3895761226,595.418945312
35.7069044852,-83.3896390226,594.570922852
35.7069436862,-83.3897061227,594.064453125
35.7069904852,-83.3897679227,593.377990723
35.7070482852,-83.3898133227,592.96673584
35.7071121843,-83.3898498227,592.72479248
35.7071774853,-83.3898840227,592.739135742
35.7072600843,-83.3899300227,592.31652832
35.7073470853,-83.3899664228,591.800170898
35.7074321853,-83.3899771228,591.394104004
35.7075179863,-83.3899826228,590.687438965
35.7075861853,-83.3899917228,589.767333984
35.7076526854,-83.3900087228,589.034118652
35.7077155854,-83.3900482228,588.205078125
35.7077772854,-83.3900898228,587.904724121
35.7078666844,-83.3901256228,587.74420166
35.7079074864,-83.3901643228,587.52142334
35.7079462844,-83.3902053229,586.653076172
35.7080113864,-83.3902457229,586.172119141
35.7080831854,-83.3902731229,585.608642578
35.7081554865,-83.3902990229,584.815185547
35.7082230855,-83.3903352229,584.155639648
35.7082734845,-83.3903735229,583.308959961
35.7083206855,-83.3904155229,582.515014648
35.7083690845,-83.390462923,582.857177734
35.7084087855,-83.390517623,582.349060059
35.7084303865,-83.390588623,582.357116699
35.7084419855,-83.390662223,582.482971191
35.7084456865,-83.3907442231,582.414001465
35.7084375855,-83.3908261231,582.488464355
35.7084269855,-83.3909076231,582.697753906
35.7084222855,-83.3909897231,582.943359375
35.7084338865,-83.3910709231,582.989562988
35.7084680865,-83.3911603232,583.034790039
35.7084942865,-83.3912053232,583.670227051
35.7085074845,-83.3912710232,584.05279541
35.7085077845,-83.3913384232,584.38092041
35.7085173845,-83.3914049232,584.828186035
35.7085427855,-83.3914557233,585.388183594
35.7085693865,-83.3915060233,586.32824707
35.7085950855,-83.3916004233,587.426086426
35.7086047855,-83.3916979233,587.742553711
35.7086064845,-83.3917959234,587.659667969
35.7086067865,-83.3918939234,587.614501953
35.7086044855,-83.3919878234,587.891357422
35.7086029845,-83.3920817235,588.006469727
35.7086083865,-83.3921558235,588.093200684
35.7086169865,-83.3922296235,588.637451172
35.7086256845,-83.3923034235,589.480529785
35.7086409865,-83.3923992235,590.58013916
35.7086564855,-83.3924949236,590.668823242
35.7086559865,-83.3925916236,590.475585938
35.7086308855,-83.3926680236,589.914428711
35.7086078855,-83.3927449236,589.381958008
35.7086095854,-83.3928230237,589.513122559
35.7086227844,-83.3929002237,588.995910645
35.7086517855,-83.3929760237,588.978637695
35.7086901865,-83.3930477237,589.376647949
35.7087174855,-83.3931241238,589.097351074
35.7087250845,-83.3932069238,589.417785645
35.7087231845,-83.3932900238,589.981933594
35.7087107854,-83.3933840238,590.816711426
35.7086924844,-83.3934770239,590.986206055
35.7086740854,-83.3935536239,590.767211914
35.7086543864,-83.3936298239,590.889038086
35.7086427854,-83.3937076239,591.627380371
35.7086485854,-83.393779524,592.869873047
35.7086489864,-83.393851424,592.917053223
35.7086306854,-83.393903024,592.52722168
35.7086018854,-83.393949524,593.07043457
35.7085377844,-83.394002824,592.884277344
35.7084922854,-83.394052724,593.311889648
35.7084523864,-83.394107224,593.521179199
35.7084173854,-83.3941650241,593.587280273
35.7083899853,-83.3942260241,593.914123535
35.7083673863,-83.3942889241,594.071899414
35.7083415843,-83.3943506241,594.011901855
35.7082958843,-83.3944289241,593.497924805
35.7082443863,-83.3945036241,592.667297363
35.7081927853,-83.3945782242,593.044250488
35.7081534853,-83.3946403242,593.342895508
35.7081141853,-83.3947023242,593.758850098
35.7080719853,-83.3947625242,594.421936035
35.7080170852,-83.3948276242,595.55078125
35.7079610852,-83.3948918242,596.875183105
35.7079142842,-83.3949527243,598.304443359
35.7078689852,-83.3950146243,599.844299316
35.7078222842,-83.3950755243,600.850524902
35.7077575852,-83.3951508243,601.246826172
35.7076930862,-83.3952264243,601.683288574
35.7076573842,-83.3952761243,602.469726562
35.7076189841,-83.3953236243,603.095092773
35.7075647851,-83.3953615244,602.911682129
35.7075093841,-83.3953977244,602.59942627
35.7074712861,-83.3954340244,602.616027832
35.7074357861,-83.3954729244,602.66204834
35.7073905851,-83.3955242244,602.834655762
35.7073524841,-83.3955809244,603.108032227
35.7073302851,-83.3956401244,602.912902832
35.7073140861,-83.3957013244,602.647460938
35.7072960851,-83.3957886245,601.981567383
35.7072840841,-83.3958769245,602.375427246
35.707272685,-83.3959653245,602.852111816
35.707261585,-83.3960423245,603.191345215
35.707250985,-83.3961193246,603.411254883
35.707241085,-83.3961964246,603.725341797
35.707231885,-83.3962958246,604.468017578
35.707219085,-83.3963947246,604.159545898
35.707201085,-83.3964690247,603.789428711
35.707178185,-83.3965420247,604.015563965
35.707151686,-83.3966137247,604.469848633
35.707116385,-83.3966966247,605.226501465
35.707076286,-83.3967772247,605.926696777
35.707031886,-83.3968546248,606.190124512
35.7069830849,-83.3969292248,605.151184082
35.7069241859,-83.3970057248,604.526123047
35.7068628839,-83.3970803248,603.839782715
35.7068122859,-83.3971453248,603.486450195
35.7067611859,-83.3972099248,603.402954102
35.7067135859,-83.3972688249,603.334106445
35.7066650839,-83.3973269249,603.688171387
35.7066134849,-83.3973823249,603.944030762
35.7065472848,-83.3974440249,604.172363281
35.7064759848,-83.3974997249,604.67767334
35.7063923858,-83.3975361249,605.052978516
35.7063048838,-83.3975627249,605.534118652
35.7062302848,-83.3976139249,605.937011719
35.7061919858,-83.3976707249,605.521972656
35.7061648837,-83.397733525,605.89276123
35.7061521847,-83.397810125,606.136108398
35.7061527837,-83.397887925,606.250732422
35.7061736847,-83.397983625,606.160827637
35.7062030847,-83.3980773251,606.186950684
35.7062161847,-83.3981272251,605.915344238
35.7062280857,-83.3981775251,605.968688965
35.7062372847,-83.3982273251,605.996948242
35.7062441837,-83.3982774251,605.876281738
35.7062494847,-83.3983326251,606.160705566
35.7062509847,-83.3983881252,606.524353027
35.7062435847,-83.3984551252,606.914794922
35.7062287857,-83.3985209252,607.131652832
35.7062108857,-83.3985859252,607.766479492
35.7061848847,-83.3986579252,608.019958496
35.7061526857,-83.3987274253,608.15057373
35.7061209847,-83.3987972253,608.082397461
35.7060969847,-83.3988699253,608.278625488
35.7060861847,-83.3989578253,608.570251465
35.7060859837,-83.3990465253,608.897338867
35.7060850847,-83.3991352254,609.289611816
35.7060719847,-83.3992228254,609.487060547
35.7060422847,-83.3993012254,609.577209473
35.7060045846,-83.3993762254,610.031066895
35.7059682856,-83.3994518255,610.496459961
35.7059386836,-83.3995328255,610.711425781
35.7059104856,-83.3996143255,610.92565918
35.7058732846,-83.3996920255,611.261535645
35.7058361846,-83.3997462255,611.48614502
35.7058019846,-83.3998367256,611.405517578
35.7057873856,-83.3999326256,611.642883301
35.7057959846,-83.4000272256,611.831237793
35.7058106846,-83.4001212256,612.097351074
35.7058150846,-83.4001912257,612.264953613
35.7058170846,-83.4002612257,612.446899414
35.7058154846,-83.4003313257,612.59777832
35.7058043856,-83.4004197257,612.72277832
35.7057874836,-83.4005072258,613.027404785
35.7057741846,-83.4005953258,613.307983398
35.7057681845,-83.4006725258,613.599853516
35.7057648845,-83.4007498258,614.112304688
35.7057645845,-83.4008272258,614.013061523
35.7057679835,-83.4009045259,614.413574219
35.7057765855,-83.4009800259,614.601745605
35.7057896855,-83.4010548259,615.038452148
35.7058038845,-83.4011294259,615.630432129
35.7058160845,-83.401204426,616.07409668
35.7058240845,-83.401270926,616.322753906
35.7058312835,-83.401337526,616.633361816
35.7058391855,-83.401404026,616.776245117
35.7058540845,-83.4014926261,616.806152344
35.7058700845,-83.4015810261,616.211853027
35.7058788835,-83.4016704261,616.500732422
35.7058761845,-83.4017553261,616.883361816
35.7058670835,-83.4018397262,617.354919434
35.7058557855,-83.4019239262,618.668334961
35.7058419845,-83.4020045262,620.342102051
35.7058261835,-83.4020848262,620.357788086
35.7058148855,-83.4021658262,620.519714355
35.7058084855,-83.4022596263,620.829956055
35.7058111845,-83.4023535263,621.180053711
35.7058319845,-83.4024371263,622.264099121
35.7058528845,-83.4025206264,623.757873535
35.7058535855,-83.4026129264,624.055236816
35.7058420855,-83.4027046264,624.035827637
35.7058293835,-83.4027961264,624.266906738
35.7058191845,-83.4028806265,624.395690918
35.7058077845,-83.4029649265,624.15637207
35.7057971845,-83.4030494265,624.115112305
35.7057906835,-83.4031229265,624.538024902
35.7057846845,-83.4031965265,624.912597656
35.7057747844,-83.4032697266,624.851196289
35.7057536844,-83.4033638266,624.937316895
35.7057259844,-83.4034561266,625.190917969
35.7056953854,-83.4035342266,625.313903809
35.7056597844,-83.4036101267,625.647216797
35.7056222834,-83.4036851267,625.706115723
35.7055769844,-83.4037730267,625.427490234
35.7055285854,-83.4038592267,625.368652344
35.7054874844,-83.4039247267,625.573608398
35.7054448833,-83.4039893268,625.303039551
35.7054007833,-83.4040587268,624.869262695
35.7053569833,-83.4041282268,625.3515625
35.7053107843,-83.4041961268,625.720458984
35.7052591833,-83.4042600268,626.055419922
35.7051930833,-83.4043272268,626.630187988
35.7051213853,-83.4043885269,627.067321777
35.7050770833,-83.4044223269,627.42565918
35.7050299852,-83.4044520269,627.569274902
35.7049659842,-83.4044710269,628.077758789
35.7049029842,-83.4044924269,628.36541748
35.7048388852,-83.4045458269,628.460021973
35.7048282842,-83.4046228269,628.314941406
35.7048179842,-83.4046888269,628.771911621
35.7047712842,-83.4047149269,629.041259766
35.7047179842,-83.4047300269,629.326538086
35.7046661842,-83.4047744269,629.518371582
35.7046224841,-83.404827127,629.863464355
35.7045797831,-83.404880627,630.301940918
35.7045361841,-83.404934127,630.503479004
35.7044937831,-83.404988727,630.768127441
35.7044503831,-83.405042427,631.072753906
35.7043957841,-83.405104027,631.540100098
35.7043397831,-83.405164327,632.141296387
35.7042844831,-83.4052253271,632.693908691
35.704223685,-83.4052946271,632.954284668
35.704164484,-83.4053654271,633.249389648
35.704126885,-83.4054136271,633.542480469
35.704090384,-83.4054626271,633.768859863
35.704062484,-83.4055060271,634.012207031
35.704033684,-83.4055641271,634.224243164
35.704014985,-83.4056261272,634.468078613
35.704016285,-83.4056981272,635.039001465
35.704021183,-83.4057700272,635.522399902
35.704008683,-83.4058440272,635.933959961
35.703988284,-83.4059163272,636.329833984
35.703971684,-83.4059895273,636.788024902
35.703960685,-83.4060886273,638.010681152
35.703952385,-83.4061623273,639.498901367
35.7039430849,-83.4062359273,639.990783691
35.7039292839,-83.4063087273,641.00201416
35.7039060829,-83.4063856274,640.466552734
35.7038810849,-83.4064620274,640.035339355
35.7038564849,-83.4065551274,640.329833984
35.7038322829,-83.4066484274,641.627685547
35.7038081839,-83.4067306275,642.549377441
35.7037838839,-83.4068127275,642.476623535
35.7037576839,-83.4068959275,643.076843262
35.7037321849,-83.4069792275,643.511169434
35.7037157839,-83.4070648276,644.151550293
35.7037129849,-83.4071348276,645.338439941
35.7037159829,-83.4072049276,645.922851562
35.7037205839,-83.4072749276,646.012817383
35.7037268839,-83.4073526276,646.558837891
35.7037350849,-83.4074301277,647.246948242
35.7037429839,-83.4075077277,647.761779785
35.7037513849,-83.4075962277,647.678039551
35.7037573839,-83.4076849277,647.77520752
35.7037608838,-83.4077845278,647.70513916
35.7037534838,-83.4078837278,647.297485352
35.7037407848,-83.4079335278,647.312683105
35.7037243838,-83.4079823278,647.79901123
35.7037030848,-83.4080378278,648.452453613
35.7036771848,-83.4080914279,648.773803711
35.7036289848,-83.4081582279,649.088256836
35.7035753838,-83.4082209279,649.587219238
35.7035145828,-83.4082959279,649.961364746
35.7034551828,-83.4083720279,651.049133301
35.7034012837,-83.4084460279,651.912658691
35.7033529837,-83.408523728,652.924865723
35.7033218827,-83.408588028,653.48223877
35.7032962847,-83.408654628,653.669006348
35.7032809827,-83.408714828,653.932556152
35.7032668847,-83.408775328,654.120056152
35.7032452837,-83.4088635281,654.720825195
35.7032197837,-83.4089506281,655.593811035
35.7031716827,-83.4090266281,655.837402344
35.7031259827,-83.4090583281,655.303588867
35.7030674847,-83.4090509281,655.117004395
35.7030090836,-83.4090438281,655.82244873
35.7029446836,-83.4091081281,656.726196289
35.7029337836,-83.4091791281,656.911499023
35.7029328846,-83.4092515282,657.214172363
35.7029161836,-83.4093287282,657.456848145
35.7028924836,-83.4094041282,657.730041504
35.7028714836,-83.4094803282,658.067260742
35.7028635846,-83.4095588282,658.505249023
35.7028754826,-83.4096365283,658.819946289
35.7028874836,-83.4097142283,659.684692383
35.7028859826,-83.4097916283,660.475769043
35.7028663836,-83.4098684283,660.682189941
35.7028912836,-83.4099566284,661.189208984
35.7029453846,-83.4100326284,662.14654541
35.7029876836,-83.4101152284,663.043151855
35.7030038846,-83.4102041284,663.682739258
35.7030473826,-83.4102827285,663.528442383
35.7031180836,-83.4103512285,664.001037598
35.7031800836,-83.4104083285,665.189147949
35.7031877836,-83.4104748285,665.732666016
35.7031832836,-83.4105498285,666.627685547
35.7031674846,-83.4106235286,667.859863281
35.7031513836,-83.4106970286,669.168640137
35.7031457846,-83.4107720286,670.258728027
35.7031536836,-83.4108330286,671.362426758
35.7031612836,-83.4108940286,672.364807129
35.7031558836,-83.4109712287,673.025695801
35.7031490836,-83.4110483287,673.696655273
35.7031556846,-83.4111301287,674.835266113
35.7031689836,-83.4112111287,676.111877441
35.7031802846,-83.4112924288,677.359741211
35.7031859846,-83.4113809288,678.586608887
35.7031891846,-83.4114694288,680.17401123
35.7031929836,-83.4115580288,681.253845215
35.7031947836,-83.4116135289,681.729858398
35.7031997846,-83.4116687289,682.22265625
35.7032244836,-83.4117489289,683.430114746
35.7032597836,-83.4118252289,684.737792969
35.7033017826,-83.411899329,685.49041748
35.7033469836,-83.411971529,686.749633789
35.7033932836,-83.412045029,687.590942383
35.7034391826,-83.412118729,687.559265137
35.7034776836,-83.412196529,687.453674316
35.7034960826,-83.4122463291,687.655456543
35.7035116846,-83.4122970291,688.510681152
35.7035246836,-83.4123669291,689.995422363
35.7035322836,-83.4124377291,690.484619141
35.7035434836,-83.4125079291,690.661254883
35.7035664836,-83.4125705292,691.395202637
35.7035927836,-83.4126320292,692.339355469
35.7036027846,-83.4126975292,692.740661621
35.7035832846,-83.4127743292,693.112060547
35.7035282846,-83.4128169292,694.034973145
35.7034385826,-83.4128177292,694.973144531
35.7033481836,-83.4128114292,695.331176758
35.7032661835,-83.4128532292,697.052185059
35.7032343825,-83.4128940292,697.642944336
35.7032103825,-83.4129399293,697.805419922
35.7031901845,-83.4130205293,698.506652832
35.7031892825,-83.4131040293,699.29095459
35.7031942835,-83.4131874293,700.183044434
35.7031946825,-83.4132709293,701.09387207
35.7031824845,-83.4133663294,701.8046875
35.7031689835,-83.4134616294,702.132202148
35.7031708835,-83.4135575294,703.101806641
35.7031946825,-83.4136362295,704.474853516
35.7032218825,-83.4137138295,705.964782715
35.7032336825,-83.4137884295,706.197570801
35.7032416825,-83.4138636295,706.675048828
35.7032624825,-83.4139360295,707.06451416
35.7033061845,-83.4140037296,708.735778809
35.7032958835,-83.4140697296,708.992919922
35.7032399835,-83.4141211296,710.819335938
35.7031767845,-83.4141655296,712.103515625
35.7031393845,-83.4142307296,712.475952148
35.7031375835,-83.4143191297,713.37109375
35.7031520835,-83.4143855297,714.208435059
35.7031619835,-83.4144524297,714.991516113
35.7031423835,-83.4145293297,715.809570312
35.7030777824,-83.4146047297,717.307434082
35.7030378834,-83.4146512297,718.094543457
35.7030037834,-83.4147019298,718.454101562
35.7029749834,-83.4147895298,718.673400879
35.7029785844,-83.4148559298,719.250366211
35.7029812834,-83.4149223298,719.902038574
35.7029526834,-83.4149987298,720.586425781
35.7029165844,-83.4150369298,721.215270996
35.7028790834,-83.4150739299,721.868469238
35.7028414844,-83.4151501299,722.654541016
35.7028517824,-83.4152342299,723.647399902
35.7028741824,-83.4153169299,724.938537598
35.7028784834,-83.4153832299,725.581787109
35.7028805824,-83.41544973,726.299072266
35.7028821824,-83.41552173,726.889831543
35.7028865844,-83.41559353,727.57244873
35.7029064824,-83.41568043,728.642150879
35.7029357844,-83.4157648301,729.979125977
35.7029625834,-83.4158500301,731.188781738
35.7029791834,-83.4159278301,731.999145508
35.7029937834,-83.4160060301,732.727966309
35.7030119834,-83.4160835302,733.436645508
35.7030288824,-83.4161393302,733.770996094
35.7030633824,-83.4162177302,733.940612793
35.7031007824,-83.4162650302,734.455322266
35.7031426834,-83.4163085302,735.711120605
35.7031912834,-83.4163542303,736.092773438
35.7032400824,-83.4163997303,735.903747559
35.7032748844,-83.4164561303,735.70892334
35.7032910834,-83.4165450303,736.147644043
35.7032715834,-83.4166218303,736.9765625
35.7032221824,-83.4166931304,737.799682617
35.7031695834,-83.4167624304,739.040771484
35.7031467824,-83.4168158304,739.710693359
35.7031313844,-83.4168717304,740.052124023
35.7031255844,-83.4169269304,740.193115234
35.7031290834,-83.4169822304,739.913208008
35.7031633824,-83.4170716305,740.66809082
35.7031717834,-83.4171212305,740.87902832
35.7031703844,-83.4171713305,740.737304688
35.7031235833,-83.4172583305,742.113525391
35.7030857833,-83.4173120305,743.942504883
35.7030492823,-83.4173666305,743.738220215
35.7030194843,-83.4174459306,743.505187988
35.7030027833,-83.4175291306,743.858581543
35.7029893833,-83.4176130306,744.705322266
35.7029705843,-83.4176957306,745.91619873
35.7029498823,-83.4177704307,746.807678223
35.7029273833,-83.4178446307,746.861938477
35.7028940833,-83.4179144307,747.023742676
35.7028570833,-83.4179574307,747.686767578
35.7028201822,-83.4180006307,747.825378418
35.7027866832,-83.4180879307,748.18560791
35.7027535832,-83.4181754308,748.430908203
35.7027004832,-83.4182364308,749.062072754
35.7026430822,-83.4182936308,750.199584961
35.7025864842,-83.4183685308,750.922790527
35.7025318822,-83.4184450308,752.344726562
35.7024801832,-83.4185081308,753.916503906
35.7024279841,-83.4185710309,754.278625488
35.7023836831,-83.4186394309,754.815002441
35.7023559831,-83.4187153309,755.51171875
35.7023355841,-83.4187936309,755.957092285
35.7023069831,-83.4188692309,756.761962891
35.7022811831,-83.4189139309,757.645385742
35.7022511831,-83.418955931,758.423278809
35.7022006831,-83.418998531,758.731506348
35.7021502841,-83.419041231,759.088439941
35.7021160841,-83.419094531,760.244995117
35.7020849831,-83.419149831,761.234313965
35.702038182,-83.419218731,762.03338623
35.701988483,-83.419285631,763.098999023
35.701938384,-83.4193521311,763.359191895
35.701890283,-83.4194201311,763.920471191
35.701846984,-83.4194889311,764.799926758
35.701804784,-83.4195584311,765.463500977
35.701759883,-83.4196262311,765.683532715
35.701704583,-83.4196965311,766.468811035
35.7016488819,-83.4197665312,767.440979004
35.7015946829,-83.4198488312,767.159301758
35.7015374829,-83.4199290312,767.256652832
35.7014819839,-83.4199817312,767.70703125
35.7014213819,-83.4200286312,768.930725098
35.7013631819,-83.4200784312,770.042175293
35.7013036838,-83.4201423313,770.346984863
35.7012480838,-83.4202096313,770.501098633
35.7011945828,-83.4202787313,770.92175293
35.7011413818,-83.4203480313,772.041809082
35.7010950818,-83.4204034313,773.020141602
35.7010494828,-83.4204594313,773.913635254
35.7010117828,-83.4205209313,774.582397461
35.7009833828,-83.4205905314,775.518676758
35.7009637828,-83.4206631314,776.051147461
35.7009529828,-83.4207512314,776.733581543
35.7009623838,-83.4208074314,776.58416748
35.7009777818,-83.4208624314,775.554016113
35.7009966828,-83.4209355315,774.364746094
35.7010199818,-83.4210073315,773.103515625
35.7010516828,-83.4210780315,771.487792969
35.7010898838,-83.4211454315,770.089538574
35.7011330818,-83.4212097316,768.830505371
35.7011826828,-83.4212655316,767.451538086
35.7012299828,-83.4213231316,766.579711914
35.7012591828,-83.4213776316,765.409484863
35.7012817828,-83.4214352316,764.71105957
35.7012975838,-83.4215012316,763.836242676
35.7013061828,-83.4215685317,763.085083008
35.7012980828,-83.4216443317,761.993713379
35.7012766828,-83.4217178317,760.565612793
35.7012592838,-83.4217922317,759.381591797
35.7012730818,-83.4218659318,757.851928711
35.7012906818,-83.4218885318,757.68939209
35.7013084838,-83.4219001318,757.948181152
35.7013892828,-83.4218838318,759.274536133
35.7014629828,-83.4218385318,758.846496582
35.7015352828,-83.4218063318,758.53692627
35.7016071828,-83.4217735317,758.908447266
35.7016811819,-83.4217456317,759.010498047
35.7017664819,-83.4217231317,759.171081543
35.7018531829,-83.4217066317,758.254089355
35.7019343829,-83.4216972317,757.026123047
35.7020157819,-83.4216895317,755.44720459
35.702083983,-83.4216830318,754.688171387
35.702151383,-83.4216715318,753.740112305
35.702229184,-83.4216363317,752.124938965
35.702306083,-83.4215988317,750.717712402
35.702360483,-83.4215842317,750.000671387
35.702414783,-83.4215689317,749.367858887
35.702491982,-83.4215264317,747.384155273
35.7025697831,-83.4214852317,745.366149902
35.7026512831,-83.4214656317,743.44909668
35.7027314831,-83.4215122317,740.782226562
35.7027856821,-83.4215028317,740.256469727
35.7028329821,-83.4214796317,740.194030762
35.7028768831,-83.4214503317,740.225952148
35.7029482841,-83.4213943317,740.145141602
35.7030131822,-83.4213308317,739.215148926
35.7030763842,-83.4212656317,738.449951172
35.7031432822,-83.4212042317,738.028625488
35.7032048842,-83.4211589317,736.59765625
35.7032676832,-83.4211152317,735.841003418
35.7033262842,-83.4210661316,736.579345703
35.7033818842,-83.4210002316,735.564025879
35.7034316833,-83.4209297316,734.071960449
35.7034836833,-83.4208609316,733.5
35.7035277833,-83.4208089316,733.361633301
35.7035732833,-83.4207580316,732.627624512
35.7036219823,-83.4207103316,731.209411621
35.7036823823,-83.4206573315,729.555908203
35.7037501823,-83.4206147315,728.176696777
35.7038178824,-83.4206053315,727.339660645
35.7038856824,-83.4205967315,726.91003418
35.7039458834,-83.4205614315,725.586242676
35.7040043834,-83.4205230315,724.60760498
35.7040853824,-83.4204872315,723.813232422
35.7041701834,-83.4204618315,722.715698242
35.7042581844,-83.4204533315,721.648376465
35.7043074825,-83.4204613315,721.24420166
35.7043569845,-83.4204673315,721.134216309
35.7044208845,-83.4204484315,719.949462891
35.7044840835,-83.4204270315,718.641418457
35.7045699835,-83.4204302315,717.760681152
35.7046533835,-83.4204521315,717.13873291
35.7047353845,-83.4204788316,716.481323242
35.7048175826,-83.4205045316,715.47454834
35.7048963846,-83.4205389316,714.510559082
35.7049620836,-83.4205877316,713.401611328
35.7050213846,-83.4206445316,713.825927734
35.7050824826,-83.4206992316,714.581542969
35.7051567836,-83.4207614317,713.648742676
35.7052310826,-83.4208236317,712.524414062
35.7053113837,-83.4208775317,711.227172852
35.7054027837,-83.4209079317,708.756347656
35.7054850847,-83.4209086317,706.718994141
35.7055653827,-83.4208907317,704.71685791
35.7056249837,-83.4208542317,703.638916016
35.7056840837,-83.4208169317,702.681884766
35.7057463837,-83.4207979317,701.624145508
35.7058107828,-83.4207876317,700.648193359
35.7058860838,-83.4207865317,699.512634277
35.7059610838,-83.4207951317,698.295349121
35.7060357828,-83.4208054317,696.850280762
35.7061303828,-83.4208179317,695.64654541
35.7062245848,-83.4208333317,694.730773926
35.7062571848,-83.4208938318,693.425048828
35.7062851838,-83.4209566318,693.250671387
35.7063069839,-83.4210233318,693.401550293
35.7063274849,-83.4210905318,694.30279541
35.7063617829,-83.4211800319,697.11328125
35.7064145839,-83.4212155319,697.702941895
35.7064685839,-83.4212495319,697.49206543
35.7064938839,-83.4212926319,698.29095459
35.7065117839,-83.4213393319,698.902832031
35.7065282829,-83.4214171319,699.79107666
35.7065234829,-83.421499832,701.197021484
35.7065158839,-83.421582532,703.038635254
35.7065260839,-83.421649932,703.679626465
35.7065429829,-83.421716032,704.056945801
35.7065569849,-83.421782732,704.555664062
35.7065674849,-83.4218766321,705.625610352
35.7065711839,-83.4219710321,706.881896973
35.7065652849,-83.4220409321,708.115478516
35.7065548839,-83.4221104321,709.469482422
35.7065489849,-83.4221803322,710.606445312
35.7065509829,-83.4222749322,712.134765625
35.7065631839,-83.4223686322,713.526550293
35.7065883829,-83.4224507322,714.643493652
35.7066243849,-83.4225289323,715.865478516
35.7066665849,-83.4226038323,716.809204102
35.7066961839,-83.4226589323,717.673217773
35.7067366839,-83.4227054323,717.879394531
35.7067814839,-83.4227178323,718.390441895
35.7068185839,-83.4226792323,718.847717285
35.7068463839,-83.4226313323,719.538513184
35.7068854849,-83.4225807323,720.445556641
35.7069293829,-83.4225344323,721.075805664
35.7069720849,-83.4225029323,721.869567871
35.7070205839,-83.4224819323,722.432739258
35.707071684,-83.4224791323,722.875610352
35.707119483,-83.4224959323,723.017028809
35.707150884,-83.4225490323,723.243103027
35.707171283,-83.4226080323,723.58013916
35.707187084,-83.4226587323,723.846069336
35.707205385,-83.4227085324,724.280029297
35.707242684,-83.4227655324,724.857666016
35.707293383,-83.4228108324,725.902587891
35.707355585,-83.4228223324,727.049560547
35.707419283,-83.4228256324,728.116516113
35.707499984,-83.4228502324,729.112854004
35.707553085,-83.4228960324,730.513549805
35.707610683,-83.4229345324,731.965759277
35.7076731841,-83.4229645325,733.034301758
35.7077406851,-83.4229790325,733.379516602
35.7078090851,-83.4229674325,733.341369629
35.7078764851,-83.4229500325,733.935974121
35.7079268841,-83.4229402325,734.512023926
35.7079757841,-83.4229419325,734.602966309
35.7079535831,-83.4229884325,735.264343262
35.7079199851,-83.4230287325,735.98223877
35.7078771851,-83.4230597325,736.958740234
35.7078287841,-83.4230812325,737.808044434
35.7077656831,-83.4230911325,738.063049316
35.7077022841,-83.4230994325,738.312011719
35.707636883,-83.4231303325,739.514770508
35.707577184,-83.4231715325,740.61505127
35.707519585,-83.4232155325,741.390563965
35.707468584,-83.4232471325,742.363525391
35.707427984,-83.4232900325,743.301757812
35.707417383,-83.4233671326,744.006652832
35.707424884,-83.4234447326,745.055603027
35.707420284,-83.4235347326,746.646606445
35.707394184,-83.4236206326,747.014282227
35.707338784,-83.4236852327,747.764648438
35.7072757829,-83.4236838326,748.440490723
35.7072126839,-83.4236814326,749.051574707
35.7071574849,-83.4237350327,749.994628906
35.7071099839,-83.4238146327,751.197753906
35.7070792839,-83.4239025327,752.089111328
35.7070496839,-83.4239908327,752.939941406
35.7070064839,-83.4240730327,754.483398438
35.7069418839,-83.4241484328,756.702758789
35.7068619838,-83.4241985328,758.449523926
35.7067864828,-83.4242542328,759.341674805
35.7067434838,-83.4243384328,760.615905762
35.7067198838,-83.4244290328,762.360351562
35.7067822848,-83.4243692328,763.154907227
35.7068484828,-83.4243113328,763.313415527
35.7069029838,-83.4242909328,763.068664551
35.7069576839,-83.4243111328,764.167785645
35.7070101829,-83.4243383328,765.688659668
35.7071092829,-83.4243413328,767.368225098
35.7071877839,-83.4243646328,768.646606445
35.7072612839,-83.4244012329,769.87890625
35.7073092849,-83.4244373329,770.808166504
35.7073590849,-83.4244705329,771.467895508
35.7074211829,-83.4244840329,771.483886719
35.707484984,-83.4244853329,771.742004395
35.707575284,-83.4244770329,772.823181152
35.707660284,-83.4244464329,773.503662109
35.707739483,-83.4244025329,773.726867676
35.707820885,-83.4243629329,773.448181152
35.7079116851,-83.4243325329,774.322692871
35.7079924841,-83.4243460329,775.592407227
35.7080411831,-83.4243749329,776.462463379
35.7080812841,-83.4244150329,776.989318848
35.7081101831,-83.4244696329,777.738647461
35.7081330841,-83.4245271329,778.459289551
35.7081639841,-83.424593333,778.970458984
35.7081940841,-83.424660033,779.22064209
35.7082191831,-83.424728633,779.855407715
35.7082379851,-83.424797933,780.411621094
35.7082520831,-83.4248684331,781.179748535
35.7082599851,-83.4249398331,781.856750488
35.7082584831,-83.4250394331,782.947021484
35.7082469831,-83.4251384331,783.786376953
35.7082224841,-83.4252224332,784.978820801
35.7081914841,-83.4253043332,786.287780762
35.7081787841,-83.4253905332,786.803039551
35.7081949841,-83.4254794332,786.186218262
35.7082420841,-83.4255513333,789.095092773
35.7083004841,-83.4256152333,790.704650879
35.7083488851,-83.4256781333,791.632995605
35.7083964851,-83.4257415333,791.420410156
35.7084407841,-83.4258073333,790.524475098
35.7084751831,-83.4258658334,790.343444824
35.7085071841,-83.4259258334,790.90045166
35.7085362841,-83.4259871334,791.334899902
35.7085675841,-83.4260648334,791.550231934
35.7085962831,-83.4261436334,792.04675293
35.7086227831,-83.4262159335,792.294006348
35.7086473851,-83.4262888335,792.810241699
35.7086660841,-83.4263707335,794.174316406
35.7086813841,-83.4264534335,795.392456055
35.7087055831,-83.4265337336,796.372314453
35.7087403851,-83.4266038336,797.484191895
35.7087839841,-83.4266687336,798.176940918
35.7088405842,-83.4267212336,798.5234375
35.7088990842,-83.4267717337,798.720581055
35.7089567832,-83.4268503337,800.106506348
35.7090130842,-83.4269299337,801.985168457
35.7090581842,-83.4269846337,803.123291016
35.7091101832,-83.4270324337,803.830322266
35.7091995852,-83.4270683338,803.319213867
35.7092492842,-83.4271119338,803.55859375
35.7092785832,-83.4271701338,804.373962402
35.7092776842,-83.4272143338,804.978027344
35.7092413842,-83.4272512338,804.958190918
35.7091952842,-83.4272781338,804.694641113
35.7091453842,-83.4273288338,804.254760742
35.7091029842,-83.4273858338,804.065246582
35.7090653852,-83.4274620339,804.757873535
35.7090556842,-83.4275222339,805.22088623
35.7090539842,-83.4275833339,805.619995117
35.7090654842,-83.4276774339,806.015319824
35.7090681842,-83.427771634,806.865600586
35.7090303841,-83.427858834,808.110351562
35.7089668841,-83.427879034,807.828552246
35.7088965841,-83.427877434,807.385253906
35.7088284841,-83.427858634,807.061828613
35.7087603841,-83.427839634,807.041992188
35.7086974841,-83.4278270339,807.698120117
35.7086346841,-83.4278137339,808.608825684
35.7085693851,-83.4277946339,808.960754395
35.708504384,-83.4277743339,808.71887207
35.708437385,-83.4277635339,808.446716309
35.708387084,-83.4277618339,808.348754883
35.708338083,-83.4277715339,808.213378906
35.708283083,-83.4278141339,808.174743652
35.708238484,-83.4278829339,808.785644531
35.708199184,-83.427955234,808.709350586
35.708142884,-83.428028434,808.917236328
35.7080791829,-83.428095234,809.348876953
35.7080250839,-83.428139434,810.479003906
35.7079667839,-83.428177934,811.505310059
35.7079054839,-83.428211534,812.152709961
35.7078381849,-83.428230134,812.830383301
35.7077782839,-83.428262934,812.936401367
35.7077496829,-83.428339434,813.56237793
35.7077370839,-83.4284048341,814.982788086
35.7077332839,-83.4284713341,816.139831543
35.7077366838,-83.4285379341,816.709838867
35.7077528828,-83.4286268341,816.530395508
35.7077387848,-83.4286778341,817.048706055
35.7077147848,-83.4287252342,817.527770996
35.7076650838,-83.4287816342,818.585205078
35.7076050838,-83.4288276342,820.058227539
35.7075582828,-83.4288862342,820.856811523
35.7075391838,-83.4289398342,821.334472656
35.7075290838,-83.4289958342,821.707397461
35.7075316848,-83.4290574342,822.558166504
35.7075445828,-83.4291178343,823.965393066
35.7075757848,-83.4291838343,825.255615234
35.7076203838,-83.4292420343,825.542114258
35.7076671848,-83.4292984343,825.807006836
35.7077205848,-83.4293603343,826.434875488
35.7077727838,-83.4294232344,827.172180176
35.7078093848,-83.4294785344,828.402526855
35.7078426828,-83.4295358344,829.047790527
35.7078773838,-83.4296032344,828.715515137
35.7078665848,-83.4296912344,828.690368652
35.7078334828,-83.4297589345,829.491455078
35.7077874838,-83.4298191345,830.735839844
35.7077543838,-83.4298868345,831.35345459
35.7077436828,-83.4299749345,832.289855957
35.7077785838,-83.4300312345,833.164123535
35.7078298848,-83.4300738346,832.786376953
35.7078850838,-83.4301118346,832.090454102
35.7079379828,-83.4301590346,832.231506348
35.7079821838,-83.4302142346,832.921508789
35.7080163838,-83.4303036346,833.339172363
35.7080058838,-83.4303807347,833.245910645
35.7079694848,-83.4304437347,833.398376465
35.7079222828,-83.4304997347,833.810668945
35.7078726848,-83.4305654347,834.28125
35.7078205848,-83.4306292347,834.708496094
35.7077725838,-83.4306856347,835.00592041
35.7077192848,-83.4307367347,835.114379883
35.7076507837,-83.4307610347,835.985839844
35.7075917847,-83.4307991348,836.503234863
35.7075813837,-83.4308651348,837.694824219
35.7076145837,-83.4309105348,838.145019531
35.7076609837,-83.4309449348,837.830444336
35.7077170847,-83.4309928348,838.124389648
35.7077762838,-83.4310368348,838.711303711
35.7078473838,-83.4310780349,839.382751465
35.7079188838,-83.4311185349,840.188720703
35.7079997838,-83.4311694349,841.041992188
35.7080697838,-83.4312336349,841.595581055
35.7081037828,-83.4312934349,842.130187988
35.7081303838,-83.4313570349,842.44317627
35.7081593848,-83.431436335,842.917358398
35.7081810848,-83.431517935,843.88293457
35.7081884828,-83.431601935,845.149108887
35.7081714848,-83.431678535,845.575866699
35.7081583848,-83.4317557351,844.772399902
35.7081747828,-83.4318336351,843.861999512
35.7082104848,-83.4319010351,842.745178223
35.7082441838,-83.4319683351,841.284423828
35.7081688838,-83.4319538351,839.942443848
35.7080916828,-83.4319305351,838.936157227
35.7080279848,-83.4319275351,837.676696777
35.7079653848,-83.4319377351,836.53704834
35.7078923837,-83.4319797351,834.613891602
35.7078369827,-83.4320443351,834.416809082
35.7078340827,-83.4321052352,834.601501465
35.7078435847,-83.4321661352,834.141479492
35.7078659847,-83.4322518352,832.830871582
35.7078962837,-83.4323352352,830.358032227
35.7079104827,-83.4324224352,828.846069336
35.7078997837,-83.4324828353,829.261474609
35.7078899827,-83.4325434353,829.497558594
35.7078969847,-83.4325990353,827.855895996
35.7079057837,-83.4326544353,825.944091797
35.7079048837,-83.4327398353,823.49822998
35.7078935837,-83.4328245354,821.983642578
35.7078736827,-83.4329076354,822.281799316
35.7078487827,-83.4329800354,822.437072754
35.7078166837,-83.4330495354,821.789367676
35.7077611847,-83.4331252354,820.338623047
35.7077054837,-83.4332009355,819.042419434
35.7076680836,-83.4332867355,817.611816406
35.7076388836,-83.4333756355,817.127990723
35.7076215826,-83.4334449355,816.655700684
35.7076073836,-83.4335149356,816.068725586
35.7075894836,-83.4335841356,815.302856445
35.7075626846,-83.4336688356,814.44342041
35.7075230846,-83.4337479356,813.963012695
35.7074678826,-83.4338015356,813.412963867
35.7074058826,-83.4338212356,812.401367188
35.7073410836,-83.4338308356,811.573913574
35.7072909835,-83.4338449356,811.084960938
35.7072413835,-83.4338609356,810.588867188
35.7071868845,-83.4338813356,809.924682617
35.7071136845,-83.4339344356,809.474914551
35.7070859825,-83.4340263357,807.604248047
35.7070647845,-83.4341207357,805.161071777
35.7070273845,-83.4341780357,804.996826172
35.7069814835,-83.4342287357,804.977050781
35.7069342835,-83.4342702357,805.058227539
35.7068808834,-83.4343030357,804.597717285
35.7067993834,-83.4343105357,804.520874023
35.7067182834,-83.4343202357,803.926330566
35.7066668844,-83.4343673357,801.899658203
35.7066171834,-83.4344166358,799.996948242
35.7065567834,-83.4344401358,799.712341309
35.7064988824,-83.4344682358,798.993225098
35.7064615833,-83.4345196358,797.026306152
35.7064336823,-83.4345768358,795.046447754
35.7064120833,-83.4346306358,794.169799805
35.7063953833,-83.4346861358,793.772460938
35.7063851833,-83.4347576358,792.040039062
35.7063744843,-83.4348291359,790.368713379
35.7063503833,-83.4348891359,790.627929688
35.7063269833,-83.4349493359,791.05090332
35.7063192823,-83.4350374359,790.173217773
35.7063143843,-83.4351257359,789.286376953
35.7063000823,-83.435198536,788.801696777
35.7062753843,-83.435268236,788.895935059
35.7062290843,-83.435333136,788.419311523
35.7061663833,-83.435344636,788.038269043
35.7061028822,-83.435329236,787.517150879
35.7060415822,-83.435286836,787.35168457
35.7059783832,-83.435248136,786.150512695
35.7059333832,-83.435246736,784.386901855
35.7058614832,-83.435233536,781.875488281
35.7058043842,-83.4351653359,782.269897461
35.7057470832,-83.4350974359,783.051940918
35.7056841842,-83.4350844359,781.922668457
35.7056294832,-83.4351159359,781.460205078
35.7055860841,-83.4351743359,781.28314209
35.7055589821,-83.4352425359,781.53894043
35.7055353831,-83.435312036,781.929138184
35.7055152831,-83.435385036,781.544677734
35.7054995831,-83.435459136,780.338928223
35.7054768821,-83.435531236,779.420715332
35.7054355841,-83.435597636,779.775634766
35.7053865831,-83.435658936,780.706176758
35.7053467821,-83.4357262361,781.176086426
35.7053298831,-83.4357983361,780.768493652
35.7053077821,-83.4358686361,780.562927246
35.705243383,-83.4359330361,780.920410156
35.705171982,-83.4359509361,780.509216309
35.705098583,-83.4359617361,779.88293457
35.705020583,-83.4360141361,778.620849609
35.704943182,-83.4360675361,778.263000488
35.704858283,-83.4360914361,777.637939453
35.7047711819,-83.4361065361,775.803222656
35.7047033839,-83.4361140361,774.579040527
35.7046353819,-83.4361206361,773.821777344
35.7045719829,-83.4361446361,773.350524902
35.7045219829,-83.4361891362,773.50213623
35.7044798829,-83.4362413362,773.590026855
35.7044332829,-83.4363172362,772.84375
35.7043777818,-83.4363533362,773.061462402
35.7043236828,-83.4363912362,772.924377441
35.7042860818,-83.4364675362,772.204406738
35.7042440828,-83.4365409362,772.074584961
35.7041930818,-83.4366083363,772.523010254
35.7041356828,-83.4366487363,772.482727051
35.7040714828,-83.4366779363,771.901550293
35.7040106828,-83.4367132363,771.567138672
35.7039511817,-83.4367725363,771.053894043
35.7038910817,-83.4368312363,771.244812012
35.7038160827,-83.4368775363,771.073608398
35.7037361827,-83.4369149363,770.31652832
35.7036814827,-83.4369348363,770.229309082
35.7036271827,-83.4369557363,770.264160156
35.7035653836,-83.4369888363,769.801757812
35.7035084836,-83.4370295363,768.895141602
35.7034499836,-83.4370824364,768.311767578
35.7034069826,-83.4371479364,768.140380859
35.7034014816,-83.4372250364,768.553466797
35.7034037826,-83.4373026364,768.694885254
35.7033896816,-83.4373737364,768.847167969
35.7033828836,-83.4374456365,768.779663086
35.7034049816,-83.4375113365,768.321777344
35.7034434826,-83.4375690365,768.205566406
35.7035233826,-83.4376267365,767.630187988
35.7035888826,-83.4376597365,766.67767334
35.7036574816,-83.4376860365,765.759460449
35.7037239827,-83.4377072365,765.096313477
35.7037918827,-83.4377233366,764.154052734
35.7038547827,-83.4377312366,762.978149414
35.7039177827,-83.4377382366,761.636169434
35.7039801837,-83.4377541366,760.569885254
35.7040434837,-83.4377641366,759.479003906
35.7041339817,-83.4377447366,758.115356445
35.7041607817,-83.4377566366,757.823852539
35.7041503827,-83.4378226366,758.20904541
35.7041179817,-83.4378658366,758.737243652
35.7040855827,-83.4379090366,759.220031738
35.7040442827,-83.4379464366,759.932861328
35.7040029827,-83.4379839366,760.665344238
35.7039525827,-83.4380210367,761.494812012
35.7039022817,-83.4380582367,762.130249023
35.7038407827,-83.4381263367,762.647033691
35.7037793826,-83.4381944367,763.000244141
35.7037178816,-83.4382625367,763.545349121
35.7036718816,-83.4383108367,764.240356445
35.7036257836,-83.4383592367,765.183349609
35.7035793826,-83.4384241368,765.831604004
35.7035960816,-83.4384909368,766.974365234
35.7036582826,-83.4385343368,767.785217285
35.7037204826,-83.4385776368,768.777893066
35.7037826836,-83.4386209368,769.563598633
35.7038448826,-83.4386643368,769.993225098
35.7038710826,-83.4387093369,770.485229492
35.7038430836,-83.4387527369,771.158691406
35.7037929816,-83.4387788369,771.95123291
35.7037428826,-83.4388049369,773.16204834
35.7036936826,-83.4387868369,773.854309082
35.7036444826,-83.4387687369,774.527770996
35.7035631816,-83.4387773369,775.738220215
35.7034784816,-83.4388079369,777.319152832
35.7033936825,-83.4388384369,778.635437012
35.7033089825,-83.4388690369,780.152832031
35.7032596825,-83.4388564369,780.851135254
35.7032102835,-83.4388439369,781.433288574
35.7031225825,-83.4388744369,783.003417969
35.7030347825,-83.4389048369,784.460388184
35.7029470824,-83.4389353369,785.839294434
35.7028773814,-83.4389627369,786.844238281
35.7028077824,-83.4389900369,787.826782227
35.7027380824,-83.4390174369,788.626342773
35.7026563824,-83.4390426369,789.743652344
35.7025747824,-83.4390677369,790.947570801
35.7025109823,-83.4391026369,792.040283203
35.7024471813,-83.4391374369,792.847473145
35.7023833823,-83.4391723369,793.435668945
35.7023506813,-83.4392321369,793.342285156
35.7023178823,-83.4392919369,793.263183594
35.7022628823,-83.4393344369,793.302429199
35.7022079823,-83.4393770369,792.721740723
35.7021529823,-83.439419537,792.615478516
35.7021197822,-83.439501337,792.689331055
35.7020865822,-83.439583237,792.973937988
35.7020804822,-83.439660437,792.751098633
35.7020743822,-83.439737637,792.985900879
35.7020876812,-83.4398227371,792.539489746
35.7021009822,-83.4399078371,792.045959473
35.7021142822,-83.4399929371,791.452636719
35.7020991812,-83.4400698371,792.006286621
35.7020840832,-83.4401467372,792.078796387
35.7020508832,-83.4402286372,792.453796387
35.7020176812,-83.4403105372,792.900695801
35.7019833822,-83.4403721372,793.977966309
35.7019490822,-83.4404336372,794.477172852
35.7019147812,-83.4404952373,794.811767578
35.7018777822,-83.4405438373,796.203552246
35.7018406811,-83.4405924373,797.422729492
35.7018259811,-83.4406527373,798.514709473
35.7018112811,-83.4407130373,799.725646973
35.7017644831,-83.4408000373,801.541564941
35.7017175811,-83.4408870374,803.253417969
35.7017278821,-83.4409720374,804.638671875
35.7017381821,-83.4410571374,806.787536621
35.7017484821,-83.4411421374,808.560668945
35.7018290831,-83.4411667375,810.90435791
35.7019064811,-83.4411303374,812.515441895
35.7019837832,-83.4410940374,813.827026367
35.7020826822,-83.4411081374,815.209228516
35.7021535822,-83.4411655375,817.249023438
35.7021884822,-83.4412218375,818.499450684
35.7022233822,-83.4412782375,819.086486816
35.7022489832,-83.4413508375,820.16217041
35.7022745832,-83.4414234376,821.265869141
35.7022951822,-83.4415179376,823.245178223
35.7023157832,-83.4416125376,825.363647461
35.7023464832,-83.4416521376,825.643554688
35.7023772822,-83.4416917376,826.16229248
35.7023895832,-83.4417528377,827.577697754
35.7024018822,-83.4418140377,829.347961426
35.7024363812,-83.4418924377,830.847839355
35.7024707832,-83.4419708377,832.189331055
35.7024959822,-83.4420600378,833.726013184
35.7024675832,-83.4421255378,835.27935791
35.7023944812,-83.4421785378,837.196838379
35.7023034822,-83.4422199378,838.735046387
35.7022124822,-83.4422613378,840.58972168
35.7021189811,-83.4422806378,842.476074219
35.7020253811,-83.4422998378,843.949523926
35.7019318821,-83.4423191378,845.512573242
35.7018817831,-83.4423452378,846.67388916
35.7018316811,-83.4423713378,847.644714355
35.7017948831,-83.4424088378,848.275268555
35.7017580821,-83.4424464378,848.65222168
35.7017435821,-83.4424957378,849.270996094
35.701728982,-83.4425449378,850.001037598
35.701741082,-83.4426171379,851.176635742
35.701753081,-83.4426893379,852.626098633
35.7017874821,-83.4427732379,854.232849121
35.7018217811,-83.4428572379,856.062866211
35.7018706811,-83.442891838,856.479675293
35.7019195811,-83.442926538,856.82611084
35.7019359821,-83.443004338,859.309204102
35.7019940811,-83.443028238,859.85144043
35.7020521811,-83.443052138,860.684326172
35.7020967821,-83.443075538,861.380004883
35.7021413811,-83.443099038,862.148071289
35.7022038821,-83.443126738,862.847290039
35.7022664821,-83.4431544381,863.748352051
35.7023289811,-83.4431821381,865.055969238
35.7023726832,-83.4432497381,866.382202148
35.7023740822,-83.4433308381,867.30657959
35.7023753821,-83.4434119381,868.370300293
35.7023767821,-83.4434930382,869.587219238
35.7023571821,-83.4435697382,871.262695312
35.7023738821,-83.4436366382,871.127624512
35.7023904821,-83.4437034382,871.134155273
35.7023616821,-83.4437910383,874.297302246
35.7023810811,-83.4438689383,875.166381836
35.7024005811,-83.4439469383,876.191467285
35.7024199831,-83.4440248383,877.524169922
35.7024727811,-83.4440928383,878.389709473
35.7024982831,-83.4441654384,880.304748535
35.7025238811,-83.4442380384,882.128295898
35.7025683822,-83.4442670384,881.878967285
35.7026127812,-83.4442960384,883.990600586
35.7027026822,-83.4443097384,883.790771484
35.7027925832,-83.4443235384,884.225585938
35.7028550822,-83.4443531384,884.889221191
35.7029175832,-83.4443826385,885.057495117
35.7029882812,-83.4444510385,886.72088623
35.7030589822,-83.4445195385,887.182128906
35.7030841822,-83.4446087385,886.90032959
35.7030560822,-83.4446631386,886.417297363
35.7029738812,-83.4447158386,886.008117676
35.7028915822,-83.4447686386,886.036682129
35.7028226832,-83.4448328386,885.87713623
35.7027537822,-83.4448970386,886.18359375
35.7027027832,-83.4449672386,885.866699219
35.7026517811,-83.4450375386,885.730895996
35.7025921821,-83.4450854386,886.082397461
35.7025325821,-83.4451334387,885.947753906
35.7024779821,-83.4451594387,886.117126465
35.7024233821,-83.4451853387,886.506591797
35.7023767821,-83.4452612387,886.6796875
35.7023801821,-83.4453165387,886.192504883
35.7023835811,-83.4453719387,886.320251465
35.7024138831,-83.4454336387,885.566040039
35.7024441821,-83.4454953388,885.037231445
35.7024847821,-83.4455665388,884.608154297
35.7025253821,-83.4456378388,884.187561035
35.7025659821,-83.4457090388,883.188415527
35.7025739831,-83.4457590388,882.822631836
35.7025819831,-83.4458090389,882.378479004
35.7025629821,-83.4458581389,882.012451172
35.7025438821,-83.4459073389,881.42199707
35.7024886831,-83.4459645389,880.896850586
35.7024333831,-83.4460218389,879.88470459
35.702378181,-83.4460790389,878.933105469
35.702313981,-83.4461323389,877.785644531
35.702249782,-83.4461856389,876.518188477
35.702206682,-83.446239539,875.830871582
35.702163482,-83.446293539,874.995178223
35.702120382,-83.446347439,874.387023926
35.702069882,-83.446395639,873.742492676
35.702019281,-83.446443839,872.774047852
35.7019503819,-83.446508039,871.729492188
35.7018813819,-83.446572239,871.223876953
35.7018037819,-83.4466250391,869.954162598
35.7017260819,-83.4466779391,868.431152344
35.7016578809,-83.4467089391,867.418640137
35.7015895819,-83.4467400391,866.194335938
35.7015287818,-83.4467750391,864.898803711
35.7014679808,-83.4468100391,863.689697266
35.7014071818,-83.4468450391,862.898498535
35.7013393818,-83.4468539391,862.84387207
35.7012715818,-83.4468629391,862.41192627
35.7011817818,-83.4468491391,861.880432129
35.7010918807,-83.4468353391,861.407104492
35.7010100807,-83.4468660391,861.165100098
35.7009727817,-83.4469312391,860.309204102
35.7009353817,-83.4469963391,859.757202148
35.7009128807,-83.4470693391,858.762329102
35.7008902817,-83.4471423391,857.9921875
35.7008677827,-83.4472153392,857.759765625
35.7008593817,-83.4472979392,857.751220703
35.7008509817,-83.4473805392,858.126525879
35.7008424817,-83.4474631392,858.42010498
35.7008340817,-83.4475457393,858.063354492
35.7008278807,-83.4476284393,858.350036621
35.7008216817,-83.4477111393,859.59362793
35.7007838816,-83.4477984393,861.735168457
35.7007243806,-83.4478407393,862.249450684
35.7006648806,-83.4478831394,861.778625488
35.7005874826,-83.4479194394,861.951599121
35.7005101826,-83.4479558394,861.867675781
35.7004108816,-83.4479638394,863.403381348
35.7003114805,-83.4479718394,864.461853027
35.7002436805,-83.4479807394,864.267150879
35.7001758825,-83.4479897394,865.21875
35.7001255815,-83.4480268394,866.796020508
35.7000752805,-83.4480640394,868.411010742
35.7000605805,-83.4481243394,869.348815918
35.7000457825,-83.4481847394,869.824829102
35.7000668825,-83.4482571394,869.456359863
35.7000878815,-83.4483296394,869.870178223
35.7001315815,-83.4483972395,870.072814941
35.7001752805,-83.4484649395,869.996826172
35.7002146815,-83.4485214395,869.84942627
35.7002540815,-83.4485778395,869.717956543
35.7002430805,-83.4486769396,872.216430664
35.7002642815,-83.4487438396,871.97644043
35.7002853815,-83.4488108396,871.806945801
35.7002748815,-83.4488823396,873.007263184
35.7002644805,-83.4489538396,874.076904297
35.7002761815,-83.4490426397,874.776306152
35.7002878815,-83.4491314397,875.935241699
35.7003500805,-83.4491776397,877.466430664
35.7004227815,-83.4491466397,878.666381836
35.7004671815,-83.4491812397,880.195007324
35.7004657805,-83.4492474397,881.982849121
35.7004284815,-83.4493125398,882.802856445
35.7003910815,-83.4493777398,884.043701172
35.7003267805,-83.4494365398,885.455444336
35.7002624825,-83.4494954398,887.303833008
35.7002029815,-83.4495433398,888.724487305
35.7001433804,-83.4495912398,889.802307129
35.7000877814,-83.4496668398,891.710388184
35.7000320824,-83.4497425399,893.795532227
35.6999918804,-83.4497965399,894.958190918
35.6999517814,-83.4498505399,895.914367676
35.6999115824,-83.4499045399,896.778259277
35.6998695814,-83.4499750399,898.078552246
35.6998275804,-83.4500456399,899.602478027
35.6997996813,-83.4500889399,900.483764648
35.6997717813,-83.45013234,901.399414062
35.6997171813,-83.45015834,901.828186035
35.6996625813,-83.45018424,902.63470459
35.6996299813,-83.45023854,903.416442871
35.6995972813,-83.45029274,903.914001465
35.6995375813,-83.45034624,903.251647949
35.6994778823,-83.45039964,903.078735352
35.6994139823,-83.45043634,902.026794434
35.6993501802,-83.45047304,900.625671387
35.6992865802,-83.45049874,899.941101074
35.6992229802,-83.45052444,899.056518555
35.6991633812,-83.4505723401,898.362854004
35.6991037802,-83.4506202401,898.201965332
35.6990176822,-83.4506452401,897.042480469
35.6989315811,-83.4506702401,896.116149902
35.6988672801,-83.4507290401,895.426086426
35.6988029821,-83.4507878401,894.336914062
35.6987433811,-83.4508357401,893.876342773
35.6986837801,-83.4508836401,893.264770508
35.6986294801,-83.4508985401,893.277404785
35.6985750821,-83.4509134401,893.022277832
35.6985213821,-83.4508952401,893.716003418
35.698467581,-83.4508770401,893.999084473
35.698402482,-83.4508271401,894.264465332
35.698337481,-83.4507772401,893.722961426
35.698272381,-83.45072734,892.950317383
35.69821018,-83.45068124,893.08190918
35.69813768,-83.45070114,892.95904541
35.698096481,-83.45073304,892.468933105
35.69805518,-83.45076494,891.860961914
35.6979962809,-83.45077964,892.301635742
35.6979373809,-83.45079444,892.908813477
35.6978551809,-83.4508472401,893.382446289
35.6978044809,-83.4509064401,894.305541992
35.6977536809,-83.4509656401,894.784545898
35.6976942819,-83.4510080401,894.76763916
35.6976347809,-83.4510504401,894.492919922
35.6976061799,-83.4511268401,894.374755859
35.6976314809,-83.4512104401,895.044128418
35.6976567809,-83.4512941402,895.317565918
35.6976508819,-83.4513657402,895.934082031
35.6976448798,-83.4514374402,896.391906738
35.6976116808,-83.4515192402,896.810546875
35.6975784808,-83.4516011403,896.86151123
35.6975410808,-83.4516662403,897.771118164
35.6975036808,-83.4517314403,898.94519043
35.6974491818,-83.4517519403,899.618591309
35.6973951818,-83.4517502403,900.552307129
35.6973409808,-83.4517541403,901.375427246
35.6972867808,-83.4517580403,902.296508789
35.6971960817,-83.4517884403,903.081176758
35.6971052807,-83.4518187403,903.357788086
35.6970145817,-83.4518491403,903.128051758
35.6969863807,-83.4519035403,903.190551758
35.6970205807,-83.4519929403,903.211364746
35.6970330817,-83.4520430404,903.874389648
35.6970455817,-83.4520931404,904.582275391
35.6970397817,-83.4521592404,905.422363281
35.6970338807,-83.4522254404,905.55859375
35.6970100817,-83.4522854404,906.06451416
35.6969863807,-83.4523455404,906.782104492
35.6969671807,-83.4524056405,907.294311523
35.6969478797,-83.4524658405,907.502380371
35.6969108807,-83.4525144405,907.678161621
35.6968737806,-83.4525630405,907.783081055
35.6968275816,-83.4526205405,907.717224121
35.6967812816,-83.4526781405,907.904785156
35.6967350806,-83.4527356405,908.307312012
35.6967159806,-83.4527847406,908.54095459
35.6966969796,-83.4528338406,909.26159668
35.6967134806,-83.4529117406,910.638183594
35.6967524816,-83.4529847406,911.448425293
35.6967915796,-83.4530577406,911.879882812
35.6967904806,-83.4531130407,912.254455566
35.6967625806,-83.4531563407,912.196716309
35.6966938806,-83.4532094407,911.665283203
35.6966251806,-83.4532626407,911.329406738
35.6965434815,-83.4532932407,910.48059082
35.6964616815,-83.4533239407,909.721374512
35.6963798815,-83.4533545407,908.921264648
35.6962981805,-83.4533851407,908.321899414
35.6962164805,-83.4534158407,907.553894043
35.6961346805,-83.4534464407,906.608703613
35.6960798794,-83.4534834407,905.600646973
35.6960249804,-83.4535204407,904.072814941
35.6960104794,-83.4535697407,903.051391602
35.6959959804,-83.4536190408,901.973144531
35.6960121804,-83.4537079408,900.686157227
35.6960283794,-83.4537968408,898.386352539
35.6960476804,-83.4538821408,896.639526367
35.6960669814,-83.4539674409,894.875427246
35.6960862794,-83.4540527409,893.618408203
35.6961174814,-83.4541421409,892.946716309
35.6961486804,-83.4542314409,891.5
35.6961798794,-83.454320841,890.256347656
35.6962323804,-83.454399841,889.647644043
35.6962847804,-83.454478741,889.37890625
35.6963164804,-83.454546041,888.731628418
35.6963481805,-83.4546132411,887.831359863
35.6963798815,-83.4546805411,886.839233398
35.6964204815,-83.4547517411,886.485107422
35.6964610815,-83.4548230411,886.269226074
35.6965016795,-83.4548942412,886.476196289
35.6965243795,-83.4549612412,886.069030762
35.6965469805,-83.4550283412,885.668273926
35.6965696815,-83.4550953412,885.422119141
35.6965683805,-83.4551615412,884.136962891
35.6965669805,-83.4552278413,883.306091309
35.6965519805,-83.4552991413,882.579711914
35.6965369805,-83.4553705413,881.945800781
35.6965081805,-83.4554580413,882.639160156
35.6964793804,-83.4555456414,882.159545898
35.6964714804,-83.4556374414,880.520507812
35.6964635814,-83.4557293414,879.723693848
35.6964556794,-83.4558211414,879.790405273
35.6964598794,-83.4559096415,880.194763184
35.6964640804,-83.4559982415,880.84777832
35.6964682804,-83.4560867415,880.674255371
35.6964843814,-83.4561811415,880.856628418
35.6965004804,-83.4562755416,881.488647461
35.6965219804,-83.4563259416,880.919372559
35.6965434814,-83.4563763416,880.495483398
35.6965371794,-83.4564645416,881.603210449
35.6965308804,-83.4565527416,882.274536133
35.6965259794,-83.4566446417,883.151184082
35.6965211794,-83.4567366417,884.184448242
35.6965162804,-83.4568285417,885.463928223
35.6965175814,-83.4569132418,886.15625
35.6965187804,-83.4569980418,887.002380371
35.6965200804,-83.4570827418,887.039489746
35.6965246814,-83.4571528418,886.5625
35.6965291794,-83.4572230418,886.465332031
35.6965337804,-83.4572931419,888.010314941
35.6965725814,-83.4573827419,888.70111084
35.6966112814,-83.4574723419,888.609741211
35.6966339814,-83.4575393419,889.161376953
35.6966565804,-83.457606342,890.017578125
35.6966792804,-83.457673342,890.565063477
35.6966870794,-83.457734342,891.557189941
35.6966947804,-83.457795342,891.158996582
35.6966664804,-83.457860742,891.958068848
35.6966380814,-83.4579262421,891.719482422
35.6965963804,-83.4579801421,891.893859863
35.6965546814,-83.4580341421,891.643981934
35.6965176794,-83.4580827421,891.688476562
35.6964806803,-83.4581313421,892.219543457
35.6964875813,-83.4582309421,893.376159668
35.6965137813,-83.4582759422,893.735351562
35.6965398803,-83.4583209422,894.22845459
35.6965973804,-83.4583724422,894.139526367
35.6966548804,-83.4584239422,894.652954102
35.6967171804,-83.4584627422,895.145812988
35.6967795804,-83.4585014422,895.621337891
35.6968418804,-83.4585402423,896.032348633
35.6968767804,-83.4585965423,897.037414551
35.6969116814,-83.4586528423,897.531616211
35.6969014794,-83.4587077423,897.852722168
35.6968556804,-83.4587450423,897.421020508
35.6968098804,-83.4587823423,896.792114258
35.6967279794,-83.4588184423,895.977478027
35.6966460813,-83.4588546423,895.200927734
35.6965686803,-83.4588964423,894.625976562
35.6964911793,-83.4589382423,893.830871582
35.6964184803,-83.4589654423,892.840332031
35.6963458803,-83.4589927424,892.161987305
35.6962731793,-83.4590199424,891.116149902
35.6962005812,-83.4590453424,890.206237793
35.6961278802,-83.4590707424,889.032897949
35.6960489802,-83.4591088424,887.562744141
35.6959700802,-83.4591469424,886.261535645
35.6958911802,-83.4591850424,885.076965332
35.6958447802,-83.4592499424,883.781005859
35.6957983802,-83.4593148424,882.83605957
35.6957479801,-83.4593574424,882.505859375
35.6956974801,-83.4594001424,881.833068848
35.6956153801,-83.4594473424,881.048583984
35.6955332811,-83.4594945425,879.948242188
35.6954466811,-83.4595416425,878.608642578
35.6953600811,-83.4595886425,876.688720703
35.695278281,-83.4596247425,875.07800293
35.69519638,-83.4596609425,873.566101074
35.695109881,-83.4597024425,871.791809082
35.69502338,-83.4597440425,870.327636719
35.694950479,-83.4597823425,868.99005127
35.6948776799,-83.4598205425,867.463989258
35.6948047799,-83.4598588425,865.943847656
35.6947322799,-83.4598787425,864.418395996
35.6946596799,-83.4598985425,863.344299316
35.6945871799,-83.4599184425,862.486083984
35.6944961799,-83.4599598425,861.020751953
35.6944051808,-83.4600012425,860.068603516
35.6943099808,-83.4600315425,858.669189453
35.6942146808,-83.4600617425,857.333740234
35.6941239808,-83.4600920425,855.872314453
35.6940331808,-83.4601224425,854.007751465
35.6939872797,-83.4601652426,852.346679688
35.6939412797,-83.4602080426,850.194824219
35.6939159787,-83.4602698426,848.579345703
35.6938906807,-83.4603317426,847.02911377
35.6938653807,-83.4603935426,845.647583008
35.6938390797,-83.4604673426,844.449645996
35.6938127787,-83.4605411427,843.919921875
35.6937864807,-83.4606149427,844.08996582
35.6937601797,-83.4606887427,844.289794922
35.6937589807,-83.4607494427,844.735229492
35.6937576807,-83.4608102427,845.128295898
35.6937744797,-83.4608714428,845.25177002
35.6937912807,-83.4609327428,844.862182617
35.6938170797,-83.4609943428,844.310668945
35.6938427787,-83.4610559428,843.336853027
35.6938861807,-83.4611401428,842.419006348
35.6939294797,-83.4612243429,841.686462402
35.6939459787,-83.4612985429,840.753479004
35.6939625807,-83.4613726429,839.979064941
35.6939790797,-83.4614468429,839.598632812
35.6939727807,-83.461535043,838.569274902
35.6939663807,-83.461623243,836.834655762
35.6939740807,-83.461689743,836.360412598
35.6939816797,-83.461756343,836.145141602
35.6939893807,-83.461822843,835.577209473
35.6940058797,-83.4618970431,835.315124512
35.6940223787,-83.4619711431,834.38269043
35.6940388797,-83.4620453431,833.670715332
35.6940616787,-83.4621086431,832.977539062
35.6940843787,-83.4621719432,831.950195312
35.6941071797,-83.4622352432,830.655578613
35.6941420797,-83.4622916432,829.067749023
35.6941768797,-83.4623479432,827.690673828
35.6941137787,-83.4623459432,826.86529541
35.6940560797,-83.4623054432,826.585998535
35.6939982797,-83.4622650432,826.032897949
35.6939454797,-83.4622027432,825.240844727
35.6938926786,-83.4621403431,824.437316895
35.6938669806,-83.4620787431,824.249511719
35.6938411786,-83.4620171431,823.600830078
35.6938294796,-83.4619283431,823.574401855
35.6938177806,-83.461839643,823.800170898
35.6938057796,-83.461767443,823.227355957
35.6937936796,-83.461695243,822.38861084
35.6937903786,-83.461639843,822.480773926
35.6937869796,-83.461584543,822.81640625
35.6937517796,-83.4615392429,822.609375
35.6936977796,-83.4615376429,822.777893066
35.6936635796,-83.461595543,821.245239258
35.6936292786,-83.461653343,819.713867188
35.6935950786,-83.461711243,817.961242676
35.6935453796,-83.461787043,815.931640625
35.6934957796,-83.461862943,814.000183105
35.6934460806,-83.461938743,812.178283691
35.6933814795,-83.4620140431,810.240661621
35.6933167785,-83.4620894431,808.449157715
35.6932672795,-83.4621579431,806.767822266
35.6932178795,-83.4622263431,805.131652832
35.6931683805,-83.4622948431,803.549133301
35.6931262785,-83.4623708432,801.577148438
35.6930841795,-83.4624469432,799.373596191
35.6930107794,-83.4625109432,798.302246094
35.6929372794,-83.4625749432,796.192993164
35.6928912794,-83.4626233432,794.22845459
35.6928451794,-83.4626716432,791.907775879
35.6927861804,-83.4626918432,791.393249512
35.6927271794,-83.4627121432,791.267211914
35.6926723804,-83.4627491432,790.234924316
35.6926174784,-83.4627861432,789.00994873
35.6925422793,-83.4627912432,788.52130127
35.6924670793,-83.4627962432,787.719848633
35.6923918783,-83.4628013432,786.378295898
35.6924749783,-83.4628568433,785.283325195
35.6925611803,-83.4629074433,784.066589355
35.6926501794,-83.4629528433,782.36126709
35.6927390794,-83.4629805433,781.810424805
35.6928294794,-83.4630029433,780.664367676
35.6929095784,-83.4630492433,779.391540527
35.6929440804,-83.4630950434,777.576477051
35.6929798804,-83.4631398434,775.615478516
35.6930715804,-83.4631716434,773.897644043
35.6931680805,-83.4631898434,773.142028809
35.6932412805,-83.4632258434,772.276306152
35.6933102805,-83.4632694434,771.267822266
35.6933747795,-83.4633194434,769.782958984
35.6934346785,-83.4633748435,769.98815918
35.6934890795,-83.4634352435,770.866699219
35.6935385785,-83.4634997435,770.283081055
35.6935839795,-83.4635672435,770.304016113
35.6936282805,-83.4636528436,768.766357422
35.6936669805,-83.4637412436,765.848266602
35.6937139785,-83.4638253436,763.659667969
35.6937637805,-83.4638809436,763.401123047
35.6938107806,-83.4639388437,762.565063477
35.6938370796,-83.4640056437,760.880065918
35.6938620796,-83.4640730437,759.609741211
35.6939017796,-83.4641327437,758.913574219
35.6939486796,-83.4641870437,758.282287598
35.6939937796,-83.4642428438,758.055480957
35.6940402786,-83.4643185438,757.394958496
35.6940817806,-83.4643971438,756.350036621
35.6941250796,-83.4644747438,755.951721191
35.6941768796,-83.4645468439,755.310241699
35.6942325806,-83.4645969439,755.695129395
35.6942925796,-83.4646422439,757.044616699
35.6943450806,-83.4646956439,757.172851562
35.6943920806,-83.4647806439,756.322570801
35.6944261796,-83.464871844,755.365661621
35.6944567796,-83.464964244,754.243286133
35.6944825787,-83.465053244,753.226867676
35.6945050797,-83.465143244,752.173339844
35.6945323807,-83.4652318441,750.950927734
35.6945637787,-83.4653034441,750.075134277
35.6946001787,-83.4653727441,749.335083008
35.6946372787,-83.4654416441,748.570617676
35.6946708797,-83.4655123442,747.836608887
35.6947079797,-83.4655960442,747.092041016
35.6947422797,-83.4656808442,746.014709473
35.6947647787,-83.4657694442,745.000549316
35.6947683797,-83.4658467443,744.15802002
35.6947637807,-83.4659240443,743.120178223
35.6947599787,-83.4660013443,742.269836426
35.6947599787,-83.4660897443,741.443847656
35.6947610797,-83.4661782444,740.573730469
35.6947635797,-83.4662666444,739.732543945
35.6947670797,-83.4663442444,739.195861816
35.6947716797,-83.4664217444,739.026000977
35.6947774807,-83.4664992445,738.176757812
35.6947842787,-83.4665766445,737.266418457
